-- phpMyAdmin SQL Dump
-- version 4.9.7
-- https://www.phpmyadmin.net/
--
-- Host: localhost:3306
-- Generation Time: Sep 30, 2022 at 06:25 PM
-- Server version: 8.0.30
-- PHP Version: 7.4.30

SET SQL_MODE = "NO_AUTO_VALUE_ON_ZERO";
SET AUTOCOMMIT = 0;
START TRANSACTION;
SET time_zone = "+00:00";


/*!40101 SET @OLD_CHARACTER_SET_CLIENT=@@CHARACTER_SET_CLIENT */;
/*!40101 SET @OLD_CHARACTER_SET_RESULTS=@@CHARACTER_SET_RESULTS */;
/*!40101 SET @OLD_COLLATION_CONNECTION=@@COLLATION_CONNECTION */;
/*!40101 SET NAMES utf8mb4 */;

--
-- Database: `royalmaz_mim`
--

-- --------------------------------------------------------

--
-- Table structure for table `categories`
--

CREATE TABLE `categories` (
  `id` bigint UNSIGNED NOT NULL,
  `image` varchar(191) CHARACTER SET utf8mb4 COLLATE utf8mb4_unicode_ci NOT NULL,
  `created_at` timestamp NULL DEFAULT NULL,
  `updated_at` timestamp NULL DEFAULT NULL
) ENGINE=InnoDB DEFAULT CHARSET=utf8mb4 COLLATE=utf8mb4_unicode_ci;

--
-- Dumping data for table `categories`
--

INSERT INTO `categories` (`id`, `image`, `created_at`, `updated_at`) VALUES
(1, 'nPzgsYNHYC8t5qAjLZMKVx2ZJEb5zfDkEjmxPSaz.jpg', '2022-06-17 15:09:59', '2022-06-17 15:09:59'),
(2, 'gkci3nsCnVPIKoNdLbrxX4Nyc0hYVQ6l7dxSu7bx.jpg', '2022-06-17 15:10:40', '2022-06-17 15:10:40'),
(3, '6HJSumoxy60HpZiqjKHfS0BSeGJAMWzroBkaRY17.jpg', '2022-06-17 15:12:47', '2022-06-17 15:12:47');

-- --------------------------------------------------------

--
-- Table structure for table `category_translations`
--

CREATE TABLE `category_translations` (
  `id` bigint UNSIGNED NOT NULL,
  `category_id` bigint UNSIGNED NOT NULL,
  `locale` varchar(191) CHARACTER SET utf8mb4 COLLATE utf8mb4_unicode_ci NOT NULL,
  `name` varchar(191) CHARACTER SET utf8mb4 COLLATE utf8mb4_unicode_ci NOT NULL,
  `description` text CHARACTER SET utf8mb4 COLLATE utf8mb4_unicode_ci,
  `created_at` timestamp NULL DEFAULT NULL,
  `updated_at` timestamp NULL DEFAULT NULL
) ENGINE=InnoDB DEFAULT CHARSET=utf8mb4 COLLATE=utf8mb4_unicode_ci;

--
-- Dumping data for table `category_translations`
--

INSERT INTO `category_translations` (`id`, `category_id`, `locale`, `name`, `description`, `created_at`, `updated_at`) VALUES
(1, 1, 'ar', 'السباحة', 'السباحة', NULL, NULL),
(2, 1, 'en', 'Swimming', 'Swimming', NULL, NULL),
(3, 2, 'ar', 'كرة القدم', 'كرة القدم', NULL, NULL),
(4, 2, 'en', 'Football', 'Football', NULL, NULL),
(5, 3, 'ar', 'اليوجا', 'اليوجا', NULL, NULL),
(6, 3, 'en', 'uga', 'uga', NULL, NULL);

-- --------------------------------------------------------

--
-- Table structure for table `challenges`
--

CREATE TABLE `challenges` (
  `id` bigint UNSIGNED NOT NULL,
  `title` varchar(191) CHARACTER SET utf8mb4 COLLATE utf8mb4_unicode_ci NOT NULL,
  `description` varchar(191) CHARACTER SET utf8mb4 COLLATE utf8mb4_unicode_ci DEFAULT NULL,
  `end_date` date NOT NULL,
  `status` varchar(191) CHARACTER SET utf8mb4 COLLATE utf8mb4_unicode_ci NOT NULL DEFAULT 'pending' COMMENT 'pending accept reject close',
  `creater_id` bigint UNSIGNED NOT NULL,
  `category_id` bigint UNSIGNED NOT NULL,
  `hashtags` varchar(191) CHARACTER SET utf8mb4 COLLATE utf8mb4_unicode_ci DEFAULT NULL,
  `feature` tinyint(1) NOT NULL DEFAULT '0' COMMENT 'false=>not feature true=>feature',
  `requests` varchar(255) COLLATE utf8mb4_unicode_ci DEFAULT NULL,
  `created_at` timestamp NULL DEFAULT NULL,
  `updated_at` timestamp NULL DEFAULT NULL
) ENGINE=InnoDB DEFAULT CHARSET=utf8mb4 COLLATE=utf8mb4_unicode_ci;

--
-- Dumping data for table `challenges`
--

INSERT INTO `challenges` (`id`, `title`, `description`, `end_date`, `status`, `creater_id`, `category_id`, `hashtags`, `feature`, `requests`, `created_at`, `updated_at`) VALUES
(49, 'هه', 'ات', '2022-10-04', 'accept', 7, 1, '[3,1]', 0, '[\"11\"]', '2022-09-27 14:05:01', '2022-09-27 14:05:01'),
(50, 'غغغ', 'ققق', '2022-10-04', 'reject', 7, 2, '[1,3,6,42]', 0, '[\"11\"]', '2022-09-27 14:07:00', '2022-09-27 14:22:46'),
(51, 'فكره', 'Soooo', '2022-10-05', 'accept', 7, 2, '[42,39]', 0, '[\"11\"]', '2022-09-28 08:25:56', '2022-09-28 08:25:56'),
(52, 'تعليم', 'تعليم', '2022-10-06', 'accept', 11, 1, '[1,6,5]', 0, '[\"7\"]', '2022-09-29 07:56:27', '2022-09-29 07:56:27'),
(54, 'sport', 'Comic', '2022-10-06', 'accept', 11, 3, '[41,2,43]', 0, '[\"7\"]', '2022-09-29 10:06:23', '2022-09-29 10:06:23'),
(55, 'Qur\'an', 'قران كريم تلاوه عطره', '2022-10-06', 'accept', 11, 2, '[42,39]', 0, '[\"7\"]', '2022-09-29 10:44:16', '2022-09-29 10:44:16'),
(56, 'قران كريم', 'تلاوة عطره بصوت هادئ', '2022-10-06', 'accept', 11, 2, '[39,42]', 0, '[\"7\"]', '2022-09-29 11:17:52', '2022-09-29 11:17:52');

-- --------------------------------------------------------

--
-- Table structure for table `cities`
--

CREATE TABLE `cities` (
  `id` bigint UNSIGNED NOT NULL,
  `country_id` bigint UNSIGNED NOT NULL,
  `created_at` timestamp NULL DEFAULT NULL,
  `updated_at` timestamp NULL DEFAULT NULL
) ENGINE=InnoDB DEFAULT CHARSET=utf8mb4 COLLATE=utf8mb4_unicode_ci;

--
-- Dumping data for table `cities`
--

INSERT INTO `cities` (`id`, `country_id`, `created_at`, `updated_at`) VALUES
(4, 3, '2021-12-21 13:29:44', '2021-12-21 13:29:44'),
(5, 3, '2021-12-21 13:30:01', '2021-12-21 13:30:01'),
(6, 3, '2021-12-21 13:30:23', '2021-12-21 13:30:23'),
(7, 3, '2022-01-20 20:43:27', '2022-01-20 20:43:27'),
(8, 3, '2022-01-20 20:43:41', '2022-01-20 20:43:41'),
(9, 3, '2022-01-20 20:43:53', '2022-01-20 20:43:53'),
(10, 3, '2022-01-20 20:44:06', '2022-01-20 20:44:06'),
(11, 3, '2022-01-20 20:44:19', '2022-01-20 20:44:19'),
(12, 3, '2022-01-20 20:44:29', '2022-01-20 20:44:29'),
(13, 3, '2022-01-20 20:44:39', '2022-01-20 20:44:39'),
(14, 3, '2022-01-20 20:44:48', '2022-01-20 20:44:48'),
(15, 3, '2022-01-20 20:45:03', '2022-01-20 20:45:03'),
(16, 3, '2022-01-20 20:45:18', '2022-01-20 20:45:18'),
(17, 3, '2022-01-20 20:45:29', '2022-01-20 20:45:29'),
(18, 3, '2022-01-20 20:45:44', '2022-01-20 20:45:44'),
(19, 3, '2022-01-20 20:45:59', '2022-01-20 20:45:59'),
(20, 3, '2022-01-20 20:47:37', '2022-01-20 20:47:37'),
(21, 3, '2022-01-20 20:47:52', '2022-01-20 20:47:52'),
(22, 3, '2022-01-20 20:48:07', '2022-01-20 20:48:07'),
(23, 3, '2022-01-20 20:50:47', '2022-01-20 20:50:47'),
(24, 3, '2022-01-20 20:51:05', '2022-01-20 20:51:05'),
(25, 3, '2022-01-20 20:51:18', '2022-01-20 20:51:18'),
(26, 3, '2022-01-20 20:51:37', '2022-01-20 20:51:37'),
(27, 3, '2022-01-20 20:51:52', '2022-01-20 20:51:52'),
(28, 3, '2022-01-20 20:52:06', '2022-01-20 20:52:06'),
(29, 3, '2022-01-20 20:52:23', '2022-01-20 20:52:23'),
(30, 3, '2022-01-20 20:52:45', '2022-01-20 20:52:45'),
(31, 20, '2022-01-20 20:53:46', '2022-01-20 20:53:46'),
(32, 4, '2022-01-20 20:54:01', '2022-01-20 20:54:01'),
(33, 7, '2022-01-20 20:54:18', '2022-01-20 20:54:18'),
(34, 10, '2022-01-20 20:54:32', '2022-01-20 20:54:32'),
(35, 13, '2022-01-20 20:54:50', '2022-01-20 20:54:50'),
(36, 11, '2022-01-20 20:55:09', '2022-01-20 20:55:09'),
(37, 19, '2022-01-20 20:56:21', '2022-01-20 20:56:21'),
(38, 8, '2022-01-20 20:56:40', '2022-01-20 20:56:40'),
(39, 12, '2022-01-20 20:57:05', '2022-01-20 20:57:05'),
(40, 6, '2022-01-20 20:57:21', '2022-01-20 20:57:21'),
(41, 5, '2022-01-20 20:57:40', '2022-01-20 20:57:40'),
(42, 15, '2022-01-20 21:00:02', '2022-01-20 21:00:02'),
(43, 16, '2022-01-20 21:00:17', '2022-01-20 21:00:17'),
(44, 17, '2022-01-20 21:00:36', '2022-01-20 21:00:36'),
(45, 18, '2022-01-20 21:01:58', '2022-01-20 21:01:58'),
(46, 9, '2022-01-20 21:02:13', '2022-01-20 21:02:13'),
(47, 14, '2022-01-20 21:02:28', '2022-01-20 21:02:28'),
(48, 4, '2022-01-20 21:08:21', '2022-01-20 21:08:21'),
(49, 4, '2022-01-20 21:08:37', '2022-01-20 21:08:37'),
(50, 4, '2022-01-20 21:08:52', '2022-01-20 21:08:52'),
(51, 4, '2022-01-20 21:09:11', '2022-01-20 21:09:11'),
(52, 4, '2022-01-20 21:09:45', '2022-01-20 21:09:45'),
(53, 4, '2022-01-20 21:10:51', '2022-01-20 21:10:51'),
(54, 4, '2022-01-20 21:14:31', '2022-01-20 21:14:31'),
(55, 4, '2022-01-20 21:14:54', '2022-01-20 21:14:54'),
(56, 4, '2022-01-20 21:15:20', '2022-01-20 21:15:20'),
(57, 4, '2022-01-20 21:15:48', '2022-01-20 21:15:48'),
(58, 4, '2022-01-20 21:27:19', '2022-01-20 21:27:19'),
(59, 4, '2022-01-20 21:27:36', '2022-01-20 21:27:36'),
(60, 4, '2022-01-20 21:27:51', '2022-01-20 21:27:51'),
(61, 4, '2022-01-20 21:28:04', '2022-01-20 21:28:04'),
(62, 4, '2022-01-20 21:28:21', '2022-01-20 21:28:21'),
(63, 4, '2022-01-20 21:28:47', '2022-01-20 21:28:47'),
(64, 4, '2022-01-20 21:29:22', '2022-01-20 21:29:22'),
(65, 4, '2022-01-20 21:29:46', '2022-01-20 21:29:46'),
(66, 4, '2022-01-20 21:30:02', '2022-01-20 21:30:02'),
(67, 4, '2022-01-20 21:30:19', '2022-01-20 21:30:19'),
(68, 4, '2022-01-20 21:30:33', '2022-01-20 21:30:33'),
(69, 5, '2022-01-20 21:30:55', '2022-01-20 22:45:51'),
(70, 4, '2022-01-20 21:31:26', '2022-01-20 21:31:26'),
(71, 4, '2022-01-20 21:31:46', '2022-01-20 21:31:46'),
(72, 4, '2022-01-20 21:32:03', '2022-01-20 21:32:03'),
(73, 4, '2022-01-20 21:32:19', '2022-01-20 21:32:19'),
(74, 4, '2022-01-20 21:32:43', '2022-01-20 21:32:43'),
(75, 4, '2022-01-20 21:32:58', '2022-01-20 21:32:58'),
(76, 4, '2022-01-20 21:33:12', '2022-01-20 21:33:12'),
(77, 4, '2022-01-20 21:33:29', '2022-01-20 21:33:29'),
(78, 4, '2022-01-20 21:33:51', '2022-01-20 21:33:51'),
(79, 4, '2022-01-20 21:34:10', '2022-01-20 21:34:10'),
(80, 7, '2022-01-20 21:42:50', '2022-01-20 21:42:50'),
(81, 7, '2022-01-20 21:43:07', '2022-01-20 21:43:07'),
(82, 7, '2022-01-20 21:43:23', '2022-01-20 21:43:23'),
(83, 7, '2022-01-20 21:43:37', '2022-01-20 21:43:37'),
(84, 7, '2022-01-20 21:43:54', '2022-01-20 21:43:54'),
(85, 7, '2022-01-20 21:44:07', '2022-01-20 21:44:07'),
(86, 7, '2022-01-20 21:44:21', '2022-01-20 21:44:21'),
(87, 7, '2022-01-20 21:44:34', '2022-01-20 21:44:34'),
(88, 7, '2022-01-20 21:44:51', '2022-01-20 21:44:51'),
(89, 7, '2022-01-20 21:45:05', '2022-01-20 21:45:05'),
(90, 7, '2022-01-20 21:45:20', '2022-01-20 21:45:20'),
(91, 7, '2022-01-20 21:45:33', '2022-01-20 21:45:42'),
(92, 7, '2022-01-20 21:45:55', '2022-01-20 21:45:55'),
(93, 7, '2022-01-20 21:46:07', '2022-01-20 21:46:07'),
(94, 7, '2022-01-20 21:46:31', '2022-01-20 21:46:31'),
(95, 7, '2022-01-20 21:46:54', '2022-01-20 21:46:54'),
(96, 7, '2022-01-20 21:47:10', '2022-01-20 21:47:10'),
(97, 7, '2022-01-20 21:47:25', '2022-01-20 21:47:25'),
(98, 7, '2022-01-20 21:48:19', '2022-01-20 21:48:19'),
(99, 7, '2022-01-20 21:48:46', '2022-01-20 21:48:46'),
(100, 7, '2022-01-20 21:49:04', '2022-01-20 21:49:04'),
(101, 7, '2022-01-20 21:49:20', '2022-01-20 21:49:20'),
(102, 7, '2022-01-20 21:49:36', '2022-01-20 21:49:36'),
(103, 7, '2022-01-20 21:49:52', '2022-01-20 21:49:52'),
(104, 7, '2022-01-20 21:50:09', '2022-01-20 21:50:09'),
(105, 7, '2022-01-20 21:50:21', '2022-01-20 21:50:21'),
(106, 7, '2022-01-20 21:50:45', '2022-01-20 21:50:45'),
(107, 7, '2022-01-20 21:50:59', '2022-01-20 21:50:59'),
(108, 7, '2022-01-20 21:51:15', '2022-01-20 21:51:15'),
(109, 7, '2022-01-20 21:51:27', '2022-01-20 21:51:27'),
(110, 7, '2022-01-20 21:51:42', '2022-01-20 21:51:42'),
(111, 7, '2022-01-20 21:51:54', '2022-01-20 21:51:54'),
(112, 7, '2022-01-20 21:52:12', '2022-01-20 21:52:12'),
(113, 7, '2022-01-20 21:52:29', '2022-01-20 21:52:29'),
(114, 7, '2022-01-20 21:52:43', '2022-01-20 21:52:43'),
(115, 7, '2022-01-20 21:53:04', '2022-01-20 21:53:04'),
(116, 7, '2022-01-20 21:53:16', '2022-01-20 21:53:16'),
(117, 7, '2022-01-20 21:53:30', '2022-01-20 21:53:30'),
(118, 7, '2022-01-20 21:54:43', '2022-01-20 21:54:43'),
(119, 7, '2022-01-20 21:54:55', '2022-01-20 21:54:55'),
(120, 10, '2022-01-20 22:06:18', '2022-01-20 22:06:18'),
(121, 10, '2022-01-20 22:06:33', '2022-01-20 22:06:33'),
(122, 10, '2022-01-20 22:06:48', '2022-01-20 22:06:48'),
(123, 10, '2022-01-20 22:06:59', '2022-01-20 22:06:59'),
(124, 10, '2022-01-20 22:07:17', '2022-01-20 22:07:17'),
(125, 10, '2022-01-20 22:08:05', '2022-01-20 22:08:05'),
(126, 10, '2022-01-20 22:08:20', '2022-01-20 22:08:20'),
(127, 10, '2022-01-20 22:08:41', '2022-01-20 22:08:41'),
(128, 10, '2022-01-20 22:08:55', '2022-01-20 22:08:55'),
(129, 10, '2022-01-20 22:09:51', '2022-01-20 22:09:51'),
(130, 10, '2022-01-20 22:10:06', '2022-01-20 22:10:06'),
(131, 10, '2022-01-20 22:10:36', '2022-01-20 22:10:36'),
(132, 10, '2022-01-20 22:10:48', '2022-01-20 22:10:48'),
(133, 5, '2022-01-20 22:41:23', '2022-01-20 22:41:23'),
(134, 5, '2022-01-20 22:46:06', '2022-01-20 22:46:06'),
(135, 5, '2022-01-20 22:46:20', '2022-01-20 22:46:20'),
(136, 5, '2022-01-20 22:46:37', '2022-01-20 22:46:37'),
(137, 5, '2022-01-20 22:46:56', '2022-01-20 22:46:56'),
(138, 6, '2022-01-20 22:54:08', '2022-01-20 22:54:08'),
(139, 6, '2022-01-20 22:54:23', '2022-01-20 22:54:23'),
(140, 6, '2022-01-20 22:54:35', '2022-01-20 22:54:35'),
(141, 6, '2022-01-20 22:54:47', '2022-01-20 22:54:47'),
(142, 6, '2022-01-20 22:54:59', '2022-01-20 22:54:59'),
(143, 6, '2022-01-20 22:55:19', '2022-01-20 22:55:19'),
(144, 9, '2022-01-20 23:02:26', '2022-01-20 23:02:26'),
(145, 9, '2022-01-20 23:02:38', '2022-01-20 23:02:38'),
(146, 9, '2022-01-20 23:02:51', '2022-01-20 23:02:51'),
(147, 9, '2022-01-20 23:04:21', '2022-01-20 23:04:21');

-- --------------------------------------------------------

--
-- Table structure for table `city_translations`
--

CREATE TABLE `city_translations` (
  `id` bigint UNSIGNED NOT NULL,
  `city_id` bigint UNSIGNED NOT NULL,
  `locale` varchar(191) CHARACTER SET utf8mb4 COLLATE utf8mb4_unicode_ci NOT NULL,
  `name` varchar(191) CHARACTER SET utf8mb4 COLLATE utf8mb4_unicode_ci NOT NULL,
  `created_at` timestamp NULL DEFAULT NULL,
  `updated_at` timestamp NULL DEFAULT NULL
) ENGINE=InnoDB DEFAULT CHARSET=utf8mb4 COLLATE=utf8mb4_unicode_ci;

--
-- Dumping data for table `city_translations`
--

INSERT INTO `city_translations` (`id`, `city_id`, `locale`, `name`, `created_at`, `updated_at`) VALUES
(7, 4, 'ar', 'الجيزة', '2021-12-21 13:29:44', '2021-12-21 13:29:44'),
(8, 4, 'en', 'Giza', '2021-12-21 13:29:44', '2021-12-21 13:29:44'),
(9, 5, 'ar', 'القاهرة', '2021-12-21 13:30:01', '2021-12-21 13:30:01'),
(10, 5, 'en', 'Cairo', '2021-12-21 13:30:01', '2021-12-21 13:30:01'),
(11, 6, 'ar', 'الاسكندريه', '2021-12-21 13:30:23', '2022-01-20 20:41:25'),
(12, 6, 'en', 'Alexandria', '2021-12-21 13:30:23', '2022-01-20 20:41:25'),
(13, 7, 'ar', 'اسوان', '2022-01-20 20:43:27', '2022-01-20 20:43:27'),
(14, 7, 'en', 'Aswan', '2022-01-20 20:43:27', '2022-01-20 20:43:27'),
(15, 8, 'ar', 'اسيوط', '2022-01-20 20:43:41', '2022-01-20 20:43:41'),
(16, 8, 'en', 'Asyut', '2022-01-20 20:43:41', '2022-01-20 20:43:41'),
(17, 9, 'ar', 'البحيره', '2022-01-20 20:43:53', '2022-01-20 20:43:53'),
(18, 9, 'en', 'Beheira', '2022-01-20 20:43:53', '2022-01-20 20:43:53'),
(19, 10, 'ar', 'بني سويف', '2022-01-20 20:44:06', '2022-01-20 20:44:06'),
(20, 10, 'en', 'Beni Suef', '2022-01-20 20:44:06', '2022-01-20 20:44:06'),
(21, 11, 'ar', 'الدقهليه', '2022-01-20 20:44:19', '2022-01-20 20:44:19'),
(22, 11, 'en', 'Dakahlia', '2022-01-20 20:44:19', '2022-01-20 20:44:19'),
(23, 12, 'ar', 'دمياط', '2022-01-20 20:44:29', '2022-01-20 20:44:29'),
(24, 12, 'en', 'Damietta', '2022-01-20 20:44:29', '2022-01-20 20:44:29'),
(25, 13, 'ar', 'الفيوم', '2022-01-20 20:44:39', '2022-01-20 20:44:39'),
(26, 13, 'en', 'Faiyum', '2022-01-20 20:44:39', '2022-01-20 20:44:39'),
(27, 14, 'ar', 'الغربيه', '2022-01-20 20:44:48', '2022-01-20 20:44:48'),
(28, 14, 'en', 'Gharbia', '2022-01-20 20:44:48', '2022-01-20 20:44:48'),
(29, 15, 'ar', 'الاسماعيليه', '2022-01-20 20:45:03', '2022-01-20 20:45:03'),
(30, 15, 'en', 'Ismailia', '2022-01-20 20:45:03', '2022-01-20 20:45:03'),
(31, 16, 'ar', 'كفر الشيخ', '2022-01-20 20:45:18', '2022-01-20 20:45:18'),
(32, 16, 'en', 'Kafr El Sheikh', '2022-01-20 20:45:18', '2022-01-20 20:45:18'),
(33, 17, 'ar', 'الاقصر', '2022-01-20 20:45:29', '2022-01-20 20:45:29'),
(34, 17, 'en', 'Luxor', '2022-01-20 20:45:29', '2022-01-20 20:45:29'),
(35, 18, 'ar', 'مطروح', '2022-01-20 20:45:44', '2022-01-20 20:45:44'),
(36, 18, 'en', 'Matruh', '2022-01-20 20:45:44', '2022-01-20 20:45:44'),
(37, 19, 'ar', 'المنيا', '2022-01-20 20:45:59', '2022-01-20 20:45:59'),
(38, 19, 'en', 'Minya', '2022-01-20 20:45:59', '2022-01-20 20:45:59'),
(39, 20, 'ar', 'المنوفيه', '2022-01-20 20:47:37', '2022-01-20 20:47:37'),
(40, 20, 'en', 'Monufia', '2022-01-20 20:47:37', '2022-01-20 20:47:37'),
(41, 21, 'ar', 'الوادي الجديد', '2022-01-20 20:47:52', '2022-01-20 20:47:52'),
(42, 21, 'en', 'New Valley', '2022-01-20 20:47:52', '2022-01-20 20:47:52'),
(43, 22, 'ar', 'شمال سيناء', '2022-01-20 20:48:07', '2022-01-20 20:48:07'),
(44, 22, 'en', 'North Sinai', '2022-01-20 20:48:07', '2022-01-20 20:48:07'),
(45, 23, 'ar', 'بورسعيد', '2022-01-20 20:50:47', '2022-01-20 20:50:47'),
(46, 23, 'en', 'Port Said', '2022-01-20 20:50:47', '2022-01-20 20:50:47'),
(47, 24, 'ar', 'القليوبيه', '2022-01-20 20:51:05', '2022-01-20 20:51:05'),
(48, 24, 'en', 'Qalyubia', '2022-01-20 20:51:05', '2022-01-20 20:51:05'),
(49, 25, 'ar', 'قنا', '2022-01-20 20:51:18', '2022-01-20 20:51:18'),
(50, 25, 'en', 'Qena', '2022-01-20 20:51:18', '2022-01-20 20:51:18'),
(51, 26, 'ar', 'البحر الأحمر', '2022-01-20 20:51:37', '2022-01-20 20:51:37'),
(52, 26, 'en', 'Red Sea', '2022-01-20 20:51:37', '2022-01-20 20:51:37'),
(53, 27, 'ar', 'الشرقية', '2022-01-20 20:51:52', '2022-01-20 20:51:52'),
(54, 27, 'en', 'Sharqia', '2022-01-20 20:51:52', '2022-01-20 20:51:52'),
(55, 28, 'ar', 'سوهاج', '2022-01-20 20:52:06', '2022-01-20 20:52:06'),
(56, 28, 'en', 'Sohag', '2022-01-20 20:52:06', '2022-01-20 20:52:06'),
(57, 29, 'ar', 'جنوب سيناء', '2022-01-20 20:52:23', '2022-01-20 20:52:23'),
(58, 29, 'en', 'South Sinai', '2022-01-20 20:52:23', '2022-01-20 20:52:23'),
(59, 30, 'ar', 'السويس', '2022-01-20 20:52:45', '2022-01-20 20:52:45'),
(60, 30, 'en', 'Suez', '2022-01-20 20:52:45', '2022-01-20 20:52:45'),
(61, 31, 'ar', 'القدس', '2022-01-20 20:53:46', '2022-01-20 20:53:46'),
(62, 31, 'en', 'Alquds', '2022-01-20 20:53:46', '2022-01-20 20:53:46'),
(63, 32, 'ar', 'الرياض', '2022-01-20 20:54:01', '2022-01-20 20:54:01'),
(64, 32, 'en', 'Riyadh', '2022-01-20 20:54:01', '2022-01-20 20:54:01'),
(65, 33, 'ar', 'عمان', '2022-01-20 20:54:18', '2022-01-20 20:54:18'),
(66, 33, 'en', 'Amman', '2022-01-20 20:54:18', '2022-01-20 20:54:18'),
(67, 34, 'ar', 'الدوحه', '2022-01-20 20:54:32', '2022-01-20 20:54:32'),
(68, 34, 'en', 'Doha', '2022-01-20 20:54:32', '2022-01-20 20:54:32'),
(69, 35, 'ar', 'بغداد', '2022-01-20 20:54:50', '2022-01-20 20:54:50'),
(70, 35, 'en', 'Baghdad', '2022-01-20 20:54:50', '2022-01-20 20:54:50'),
(71, 36, 'ar', 'مسقط', '2022-01-20 20:55:09', '2022-01-20 20:55:09'),
(72, 36, 'en', 'Muscat', '2022-01-20 20:55:09', '2022-01-20 20:55:09'),
(73, 37, 'ar', 'الخرطوم', '2022-01-20 20:56:21', '2022-01-20 20:56:21'),
(74, 37, 'en', 'Khartoum', '2022-01-20 20:56:21', '2022-01-20 20:56:21'),
(75, 38, 'ar', 'طرابلس', '2022-01-20 20:56:40', '2022-01-20 20:56:40'),
(76, 38, 'en', 'Tripoli', '2022-01-20 20:56:40', '2022-01-20 20:56:40'),
(77, 39, 'ar', 'صنعاء', '2022-01-20 20:57:05', '2022-01-20 20:57:05'),
(78, 39, 'en', 'Sanaa', '2022-01-20 20:57:05', '2022-01-20 20:57:05'),
(79, 40, 'ar', 'الكويت', '2022-01-20 20:57:21', '2022-01-20 20:57:21'),
(80, 40, 'en', 'Kuwait city', '2022-01-20 20:57:21', '2022-01-20 20:57:21'),
(81, 41, 'ar', 'ابو ظبي', '2022-01-20 20:57:40', '2022-01-20 22:42:11'),
(82, 41, 'en', 'Abu Dhabi', '2022-01-20 20:57:40', '2022-01-20 20:57:40'),
(83, 42, 'ar', 'بيروت', '2022-01-20 21:00:02', '2022-01-20 21:00:02'),
(84, 42, 'en', 'Beirut', '2022-01-20 21:00:02', '2022-01-20 21:00:02'),
(85, 43, 'ar', 'الجزائر', '2022-01-20 21:00:17', '2022-01-20 21:00:17'),
(86, 43, 'en', 'Algiers', '2022-01-20 21:00:17', '2022-01-20 21:00:17'),
(87, 44, 'ar', 'تونس', '2022-01-20 21:00:36', '2022-01-20 21:00:36'),
(88, 44, 'en', 'Tunis', '2022-01-20 21:00:36', '2022-01-20 21:00:36'),
(89, 45, 'ar', 'دمشق', '2022-01-20 21:01:58', '2022-01-20 21:01:58'),
(90, 45, 'en', 'Damascus', '2022-01-20 21:01:58', '2022-01-20 21:01:58'),
(91, 46, 'ar', 'المنامنه', '2022-01-20 21:02:13', '2022-01-20 21:02:13'),
(92, 46, 'en', 'Manama', '2022-01-20 21:02:13', '2022-01-20 21:02:13'),
(93, 47, 'ar', 'الرباط', '2022-01-20 21:02:28', '2022-01-20 21:02:28'),
(94, 47, 'en', 'Rabat', '2022-01-20 21:02:28', '2022-01-20 21:02:28'),
(95, 48, 'ar', 'مكة المكرمة', '2022-01-20 21:08:21', '2022-01-20 21:08:21'),
(96, 48, 'en', 'Makkah', '2022-01-20 21:08:21', '2022-01-20 21:08:21'),
(97, 49, 'ar', 'الباحة', '2022-01-20 21:08:37', '2022-01-20 21:08:37'),
(98, 49, 'en', 'Al-Baha', '2022-01-20 21:08:37', '2022-01-20 21:08:37'),
(99, 50, 'ar', 'نجران', '2022-01-20 21:08:52', '2022-01-20 21:08:52'),
(100, 50, 'en', 'Najran', '2022-01-20 21:08:52', '2022-01-20 21:08:52'),
(101, 51, 'ar', 'المنطقة الشرقيه', '2022-01-20 21:09:11', '2022-01-20 21:09:11'),
(102, 51, 'en', 'Eastern', '2022-01-20 21:09:11', '2022-01-20 21:09:11'),
(103, 52, 'ar', 'المدينة المنورة', '2022-01-20 21:09:45', '2022-01-20 21:09:45'),
(104, 52, 'en', 'Al-Medina', '2022-01-20 21:09:45', '2022-01-20 21:09:45'),
(105, 53, 'ar', 'الجوف', '2022-01-20 21:10:51', '2022-01-20 21:10:51'),
(106, 53, 'en', 'Al-Jouf', '2022-01-20 21:10:51', '2022-01-20 21:10:51'),
(107, 54, 'ar', 'جازان', '2022-01-20 21:14:31', '2022-01-20 21:14:31'),
(108, 54, 'en', 'Jazan', '2022-01-20 21:14:31', '2022-01-20 21:14:31'),
(109, 55, 'ar', 'القصيم', '2022-01-20 21:14:54', '2022-01-20 21:14:54'),
(110, 55, 'en', 'Qassim', '2022-01-20 21:14:54', '2022-01-20 21:14:54'),
(111, 56, 'ar', 'عسير', '2022-01-20 21:15:20', '2022-01-20 21:15:20'),
(112, 56, 'en', 'Aseer', '2022-01-20 21:15:20', '2022-01-20 21:15:20'),
(113, 57, 'ar', 'تبوك', '2022-01-20 21:15:48', '2022-01-20 21:15:48'),
(114, 57, 'en', 'Tabouk', '2022-01-20 21:15:48', '2022-01-20 21:15:48'),
(115, 58, 'ar', 'حائل', '2022-01-20 21:27:19', '2022-01-20 21:27:19'),
(116, 58, 'en', 'Hail', '2022-01-20 21:27:19', '2022-01-20 21:27:19'),
(117, 59, 'ar', 'الدوادمي', '2022-01-20 21:27:36', '2022-01-20 21:27:36'),
(118, 59, 'en', 'Dawadmi', '2022-01-20 21:27:36', '2022-01-20 21:27:36'),
(119, 60, 'ar', 'سليل', '2022-01-20 21:27:51', '2022-01-20 21:27:51'),
(120, 60, 'en', 'Saleel', '2022-01-20 21:27:51', '2022-01-20 21:27:51'),
(121, 61, 'ar', 'عفيف', '2022-01-20 21:28:04', '2022-01-20 21:28:04'),
(122, 61, 'en', 'Afeef', '2022-01-20 21:28:04', '2022-01-20 21:28:04'),
(123, 62, 'ar', 'الدرعية', '2022-01-20 21:28:21', '2022-01-20 21:28:21'),
(124, 62, 'en', 'Diriyah', '2022-01-20 21:28:21', '2022-01-20 21:28:21'),
(125, 63, 'ar', 'غات', '2022-01-20 21:28:47', '2022-01-20 21:28:47'),
(126, 63, 'en', 'Ghat', '2022-01-20 21:28:47', '2022-01-20 21:28:47'),
(127, 64, 'ar', 'الزفلي', '2022-01-20 21:29:22', '2022-01-20 21:29:22'),
(128, 64, 'en', 'Zulfi', '2022-01-20 21:29:22', '2022-01-20 21:29:22'),
(129, 65, 'ar', 'مارات', '2022-01-20 21:29:46', '2022-01-20 21:29:46'),
(130, 65, 'en', 'Marat', '2022-01-20 21:29:46', '2022-01-20 21:29:46'),
(131, 66, 'ar', 'الخرج', '2022-01-20 21:30:02', '2022-01-20 21:30:02'),
(132, 66, 'en', 'Kharj', '2022-01-20 21:30:02', '2022-01-20 21:30:02'),
(133, 67, 'ar', 'المجمعة', '2022-01-20 21:30:19', '2022-01-20 21:30:19'),
(134, 67, 'en', 'Majmaah', '2022-01-20 21:30:19', '2022-01-20 21:30:19'),
(135, 68, 'ar', 'صادق', '2022-01-20 21:30:33', '2022-01-20 21:30:33'),
(136, 68, 'en', 'Thadeq', '2022-01-20 21:30:33', '2022-01-20 21:30:33'),
(137, 69, 'ar', 'الشارقة', '2022-01-20 21:30:55', '2022-01-20 21:30:55'),
(138, 69, 'en', 'Al Sharjah', '2022-01-20 21:30:55', '2022-01-20 22:45:51'),
(139, 70, 'ar', 'الطائف', '2022-01-20 21:31:26', '2022-01-20 21:31:26'),
(140, 70, 'en', 'Taef', '2022-01-20 21:31:26', '2022-01-20 21:31:26'),
(141, 71, 'ar', 'القطيف', '2022-01-20 21:31:46', '2022-01-20 21:31:46'),
(142, 71, 'en', 'Qateef', '2022-01-20 21:31:46', '2022-01-20 21:31:46'),
(143, 72, 'ar', 'العليا', '2022-01-20 21:32:03', '2022-01-20 21:32:03'),
(144, 72, 'en', 'Al-Ulya', '2022-01-20 21:32:03', '2022-01-20 21:32:03'),
(145, 73, 'ar', 'الجبيل', '2022-01-20 21:32:19', '2022-01-20 21:32:19'),
(146, 73, 'en', 'Jubail', '2022-01-20 21:32:19', '2022-01-20 21:32:19'),
(147, 74, 'ar', 'البقيق', '2022-01-20 21:32:43', '2022-01-20 21:32:43'),
(148, 74, 'en', 'Beqaiq', '2022-01-20 21:32:43', '2022-01-20 21:32:43'),
(149, 75, 'ar', 'ينبع', '2022-01-20 21:32:58', '2022-01-20 21:32:58'),
(150, 75, 'en', 'Yanbu', '2022-01-20 21:32:58', '2022-01-20 21:32:58'),
(151, 76, 'ar', 'بدر', '2022-01-20 21:33:12', '2022-01-20 21:33:12'),
(152, 76, 'en', 'Badr', '2022-01-20 21:33:12', '2022-01-20 21:33:12'),
(153, 77, 'ar', 'أبها', '2022-01-20 21:33:29', '2022-01-20 21:33:29'),
(154, 77, 'en', 'Abha', '2022-01-20 21:33:29', '2022-01-20 21:33:29'),
(155, 78, 'ar', 'الدمام', '2022-01-20 21:33:51', '2022-01-20 21:33:51'),
(156, 78, 'en', 'Dammam', '2022-01-20 21:33:51', '2022-01-20 21:33:51'),
(157, 79, 'ar', 'جدة', '2022-01-20 21:34:10', '2022-01-20 21:34:10'),
(158, 79, 'en', 'jadda', '2022-01-20 21:34:10', '2022-01-20 21:34:10'),
(159, 80, 'ar', 'الزرقاء', '2022-01-20 21:42:50', '2022-01-20 21:42:50'),
(160, 80, 'en', 'Zarqa', '2022-01-20 21:42:50', '2022-01-20 21:42:50'),
(161, 81, 'ar', 'إربد', '2022-01-20 21:43:07', '2022-01-20 21:43:07'),
(162, 81, 'en', 'Irbid', '2022-01-20 21:43:07', '2022-01-20 21:43:07'),
(163, 82, 'ar', 'الرصيفة', '2022-01-20 21:43:23', '2022-01-20 21:43:23'),
(164, 82, 'en', 'ar-Rusaifa', '2022-01-20 21:43:23', '2022-01-20 21:43:23'),
(165, 83, 'ar', 'القويسمة', '2022-01-20 21:43:37', '2022-01-20 21:43:37'),
(166, 83, 'en', 'al-Quwaisima', '2022-01-20 21:43:37', '2022-01-20 21:43:37'),
(167, 84, 'ar', 'وادي السير', '2022-01-20 21:43:54', '2022-01-20 21:43:54'),
(168, 84, 'en', 'Wadi as-Sir', '2022-01-20 21:43:54', '2022-01-20 21:43:54'),
(169, 85, 'ar', 'تلاع العلي', '2022-01-20 21:44:07', '2022-01-20 21:44:07'),
(170, 85, 'en', 'Tila al-Ali', '2022-01-20 21:44:07', '2022-01-20 21:44:07'),
(171, 86, 'ar', 'خريبة السوق', '2022-01-20 21:44:21', '2022-01-20 21:44:21'),
(172, 86, 'en', 'Churaibat as-Suq', '2022-01-20 21:44:21', '2022-01-20 21:44:21'),
(173, 87, 'ar', 'العقبة', '2022-01-20 21:44:34', '2022-01-20 21:44:34'),
(174, 87, 'en', 'Aqaba', '2022-01-20 21:44:34', '2022-01-20 21:44:34'),
(175, 88, 'ar', 'السلط', '2022-01-20 21:44:51', '2022-01-20 21:44:51'),
(176, 88, 'en', 'as-Salt', '2022-01-20 21:44:51', '2022-01-20 21:44:51'),
(177, 89, 'ar', 'الرمثا', '2022-01-20 21:45:05', '2022-01-20 21:45:05'),
(178, 89, 'en', 'ar-Ramtha', '2022-01-20 21:45:05', '2022-01-20 21:45:05'),
(179, 90, 'ar', 'مادبا', '2022-01-20 21:45:20', '2022-01-20 21:45:20'),
(180, 90, 'en', 'Madaba', '2022-01-20 21:45:20', '2022-01-20 21:45:20'),
(181, 91, 'ar', 'الجبيهه', '2022-01-20 21:45:33', '2022-01-20 21:45:33'),
(182, 91, 'en', 'al-Dschubaiha', '2022-01-20 21:45:33', '2022-01-20 21:45:33'),
(183, 92, 'ar', 'مخيم البقعة', '2022-01-20 21:45:55', '2022-01-20 21:45:55'),
(184, 92, 'en', 'Baqaa refugee camp', '2022-01-20 21:45:55', '2022-01-20 21:45:55'),
(185, 93, 'ar', 'صويلح', '2022-01-20 21:46:07', '2022-01-20 21:46:07'),
(186, 93, 'en', 'Suwailih', '2022-01-20 21:46:07', '2022-01-20 21:46:07'),
(187, 94, 'ar', 'المفرق', '2022-01-20 21:46:31', '2022-01-20 21:46:31'),
(188, 94, 'en', 'al-Mafraq', '2022-01-20 21:46:31', '2022-01-20 21:46:31'),
(189, 95, 'ar', 'سحاب', '2022-01-20 21:46:54', '2022-01-20 21:46:54'),
(190, 95, 'en', 'Sahab', '2022-01-20 21:46:54', '2022-01-20 21:46:54'),
(191, 96, 'ar', 'مخيم حطين', '2022-01-20 21:47:10', '2022-01-20 21:47:10'),
(192, 96, 'en', 'Muchayyam Hetten', '2022-01-20 21:47:10', '2022-01-20 21:47:10'),
(193, 97, 'ar', 'عين الباشا', '2022-01-20 21:47:25', '2022-01-20 21:47:25'),
(194, 97, 'en', 'Ain al-Bascha', '2022-01-20 21:47:25', '2022-01-20 21:47:25'),
(195, 98, 'ar', 'ام قصير', '2022-01-20 21:48:19', '2022-01-20 21:48:19'),
(196, 98, 'en', 'am qasir', '2022-01-20 21:48:19', '2022-01-20 21:48:19'),
(197, 99, 'ar', 'جرش', '2022-01-20 21:48:46', '2022-01-20 21:48:46'),
(198, 99, 'en', 'Jerash', '2022-01-20 21:48:46', '2022-01-20 21:48:46'),
(199, 100, 'ar', 'مرج الحمام', '2022-01-20 21:49:04', '2022-01-20 21:49:04'),
(200, 100, 'en', 'Mardsch al-Hamam', '2022-01-20 21:49:04', '2022-01-20 21:49:04'),
(201, 101, 'ar', 'الضليل', '2022-01-20 21:49:20', '2022-01-20 21:49:20'),
(202, 101, 'en', 'ad-Dulail', '2022-01-20 21:49:20', '2022-01-20 21:49:20'),
(203, 102, 'ar', 'معان', '2022-01-20 21:49:36', '2022-01-20 21:49:36'),
(204, 102, 'en', 'Ma\'an', '2022-01-20 21:49:36', '2022-01-20 21:49:36'),
(205, 103, 'ar', 'الهاشمية', '2022-01-20 21:49:52', '2022-01-20 21:49:52'),
(206, 103, 'en', 'al-Hasimiya', '2022-01-20 21:49:52', '2022-01-20 21:49:52'),
(207, 104, 'ar', 'اسكان أبو نصير', '2022-01-20 21:50:09', '2022-01-20 21:50:09'),
(208, 104, 'en', 'Askan Abu Nusair', '2022-01-20 21:50:09', '2022-01-20 21:50:09'),
(209, 105, 'ar', 'الطفيلة', '2022-01-20 21:50:21', '2022-01-20 21:50:21'),
(210, 105, 'en', 'at-Tafila', '2022-01-20 21:50:21', '2022-01-20 21:50:21'),
(211, 106, 'ar', 'كفرنجة', '2022-01-20 21:50:45', '2022-01-20 21:50:45'),
(212, 106, 'en', 'Kufrindscha', '2022-01-20 21:50:45', '2022-01-20 21:50:45'),
(213, 107, 'ar', 'الحصن', '2022-01-20 21:50:59', '2022-01-20 21:50:59'),
(214, 107, 'en', 'al-Husun', '2022-01-20 21:50:59', '2022-01-20 21:50:59'),
(215, 108, 'ar', 'الكرك', '2022-01-20 21:51:15', '2022-01-20 21:51:15'),
(216, 108, 'en', 'al-Karak', '2022-01-20 21:51:15', '2022-01-20 21:51:15'),
(217, 109, 'ar', 'الصريح', '2022-01-20 21:51:27', '2022-01-20 21:51:27'),
(218, 109, 'en', 'as-Sarih', '2022-01-20 21:51:27', '2022-01-20 21:51:27'),
(219, 110, 'ar', 'ايدون', '2022-01-20 21:51:42', '2022-01-20 21:51:42'),
(220, 110, 'en', 'Aidun', '2022-01-20 21:51:42', '2022-01-20 21:51:42'),
(221, 111, 'ar', 'المشارع', '2022-01-20 21:51:54', '2022-01-20 21:51:54'),
(222, 111, 'en', 'al-Maschariqa', '2022-01-20 21:51:54', '2022-01-20 21:51:54'),
(223, 112, 'ar', 'بيت راس', '2022-01-20 21:52:12', '2022-01-20 21:52:12'),
(224, 112, 'en', 'Bait Ras', '2022-01-20 21:52:12', '2022-01-20 21:52:12'),
(225, 113, 'ar', 'عنجرة', '2022-01-20 21:52:29', '2022-01-20 21:52:29'),
(226, 113, 'en', 'Andschara', '2022-01-20 21:52:29', '2022-01-20 21:52:29'),
(227, 114, 'ar', 'غور الصافي', '2022-01-20 21:52:43', '2022-01-20 21:52:43'),
(228, 114, 'en', 'Gawr asch-Schafi', '2022-01-20 21:52:43', '2022-01-20 21:52:43'),
(229, 115, 'ar', 'الشهيد عزمي', '2022-01-20 21:53:04', '2022-01-20 21:53:04'),
(230, 115, 'en', 'Azmi al-Mufti', '2022-01-20 21:53:04', '2022-01-20 21:53:04'),
(231, 116, 'ar', 'كريمه', '2022-01-20 21:53:16', '2022-01-20 21:53:16'),
(232, 116, 'en', 'Kurayyima', '2022-01-20 21:53:16', '2022-01-20 21:53:16'),
(233, 117, 'ar', 'ناعور', '2022-01-20 21:53:30', '2022-01-20 21:53:30'),
(234, 117, 'en', 'Na\'ur', '2022-01-20 21:53:30', '2022-01-20 21:53:30'),
(235, 118, 'ar', 'شفا بدران', '2022-01-20 21:54:43', '2022-01-20 21:54:43'),
(236, 118, 'en', 'Schafa Badran', '2022-01-20 21:54:43', '2022-01-20 21:54:43'),
(237, 119, 'ar', 'ساكب', '2022-01-20 21:54:55', '2022-01-20 21:54:55'),
(238, 119, 'en', 'Sakib', '2022-01-20 21:54:55', '2022-01-20 21:54:55'),
(239, 120, 'ar', 'الخور', '2022-01-20 22:06:18', '2022-01-20 22:06:18'),
(240, 120, 'en', 'alkhur', '2022-01-20 22:06:18', '2022-01-20 22:06:18'),
(241, 121, 'ar', 'الوكرة', '2022-01-20 22:06:33', '2022-01-20 22:06:33'),
(242, 121, 'en', 'Al Wakra', '2022-01-20 22:06:33', '2022-01-20 22:06:33'),
(243, 122, 'ar', 'الخوير', '2022-01-20 22:06:48', '2022-01-20 22:06:48'),
(244, 122, 'en', 'Al Khuwair', '2022-01-20 22:06:48', '2022-01-20 22:06:48'),
(245, 123, 'ar', 'الرويس', '2022-01-20 22:06:59', '2022-01-20 22:06:59'),
(246, 123, 'en', 'al ruwayis', '2022-01-20 22:06:59', '2022-01-20 22:06:59'),
(247, 124, 'ar', 'الريان', '2022-01-20 22:07:17', '2022-01-20 22:07:17'),
(248, 124, 'en', 'al rayaan', '2022-01-20 22:07:17', '2022-01-20 22:07:17'),
(249, 125, 'ar', 'رأس لفان', '2022-01-20 22:08:05', '2022-01-20 22:08:05'),
(250, 125, 'en', 'Ras Laffan', '2022-01-20 22:08:05', '2022-01-20 22:08:05'),
(251, 126, 'ar', 'دخان', '2022-01-20 22:08:20', '2022-01-20 22:08:20'),
(252, 126, 'en', 'dukhan', '2022-01-20 22:08:20', '2022-01-20 22:08:20'),
(253, 127, 'ar', 'أم سعيد', '2022-01-20 22:08:41', '2022-01-20 22:08:41'),
(254, 127, 'en', 'Umm saeid', '2022-01-20 22:08:41', '2022-01-20 22:08:41'),
(255, 128, 'ar', 'أم صلال علي', '2022-01-20 22:08:55', '2022-01-20 22:08:55'),
(256, 128, 'en', 'Umm Salal Ali', '2022-01-20 22:08:55', '2022-01-20 22:08:55'),
(257, 129, 'ar', 'أم باب', '2022-01-20 22:09:51', '2022-01-20 22:09:51'),
(258, 129, 'en', 'Umm Bab', '2022-01-20 22:09:51', '2022-01-20 22:09:51'),
(259, 130, 'ar', 'أم صلال محمد', '2022-01-20 22:10:06', '2022-01-20 22:10:06'),
(260, 130, 'en', 'Umm Salal mohammed', '2022-01-20 22:10:06', '2022-01-20 22:10:06'),
(261, 131, 'ar', 'الشمال', '2022-01-20 22:10:36', '2022-01-20 22:10:36'),
(262, 131, 'en', 'North', '2022-01-20 22:10:36', '2022-01-20 22:10:36'),
(263, 132, 'ar', 'الزبارة', '2022-01-20 22:10:48', '2022-01-20 22:10:48'),
(264, 132, 'en', 'Al Zubarah', '2022-01-20 22:10:48', '2022-01-20 22:10:48'),
(265, 133, 'ar', 'دبي', '2022-01-20 22:41:23', '2022-01-20 22:41:23'),
(266, 133, 'en', 'Dubai', '2022-01-20 22:41:23', '2022-01-20 22:41:23'),
(267, 134, 'ar', 'عجمان', '2022-01-20 22:46:06', '2022-01-20 22:46:06'),
(268, 134, 'en', 'Ajman', '2022-01-20 22:46:06', '2022-01-20 22:46:06'),
(269, 135, 'ar', 'أم القيوين', '2022-01-20 22:46:20', '2022-01-20 22:46:20'),
(270, 135, 'en', 'Umm Al Quwain', '2022-01-20 22:46:20', '2022-01-20 22:46:20'),
(271, 136, 'ar', 'رأس الخيمة', '2022-01-20 22:46:37', '2022-01-20 22:46:37'),
(272, 136, 'en', 'Ras Al Khaimah', '2022-01-20 22:46:37', '2022-01-20 22:46:37'),
(273, 137, 'ar', 'الفجيرة', '2022-01-20 22:46:56', '2022-01-20 22:46:56'),
(274, 137, 'en', 'Al Fujairah', '2022-01-20 22:46:56', '2022-01-20 22:46:56'),
(275, 138, 'ar', 'العاصمة', '2022-01-20 22:54:08', '2022-01-20 22:54:08'),
(276, 138, 'en', 'al asma', '2022-01-20 22:54:08', '2022-01-20 22:54:08'),
(277, 139, 'ar', 'الأحمدي', '2022-01-20 22:54:23', '2022-01-20 22:54:23'),
(278, 139, 'en', 'Al ahmadi', '2022-01-20 22:54:23', '2022-01-20 22:54:23'),
(279, 140, 'ar', 'الفروانية', '2022-01-20 22:54:35', '2022-01-20 22:54:35'),
(280, 140, 'en', 'Farwaniya', '2022-01-20 22:54:35', '2022-01-20 22:54:35'),
(281, 141, 'ar', 'الجهراء', '2022-01-20 22:54:47', '2022-01-20 22:54:47'),
(282, 141, 'en', 'Jahra', '2022-01-20 22:54:47', '2022-01-20 22:54:47'),
(283, 142, 'ar', 'حولي', '2022-01-20 22:54:59', '2022-01-20 22:54:59'),
(284, 142, 'en', 'Hawali', '2022-01-20 22:54:59', '2022-01-20 22:54:59'),
(285, 143, 'ar', 'مبارك الكبير', '2022-01-20 22:55:19', '2022-01-20 22:55:19'),
(286, 143, 'en', 'Mubarak Al Kabeer', '2022-01-20 22:55:19', '2022-01-20 22:55:19'),
(287, 144, 'ar', 'العاصمه', '2022-01-20 23:02:26', '2022-01-20 23:02:26'),
(288, 144, 'en', 'al asmaa', '2022-01-20 23:02:26', '2022-01-20 23:02:26'),
(289, 145, 'ar', 'المحرق', '2022-01-20 23:02:38', '2022-01-20 23:02:38'),
(290, 145, 'en', 'Muharraq', '2022-01-20 23:02:38', '2022-01-20 23:02:38'),
(291, 146, 'ar', 'الشمالية', '2022-01-20 23:02:51', '2022-01-20 23:02:51'),
(292, 146, 'en', 'alshamalia', '2022-01-20 23:02:51', '2022-01-20 23:02:51'),
(293, 147, 'ar', 'الجنوبية', '2022-01-20 23:04:21', '2022-03-08 14:32:30'),
(294, 147, 'en', 'aljanubia', '2022-01-20 23:04:21', '2022-01-20 23:04:21');

-- --------------------------------------------------------

--
-- Table structure for table `clients`
--

CREATE TABLE `clients` (
  `id` bigint UNSIGNED NOT NULL,
  `user_name` varchar(191) CHARACTER SET utf8mb4 COLLATE utf8mb4_unicode_ci NOT NULL,
  `email` varchar(191) CHARACTER SET utf8mb4 COLLATE utf8mb4_unicode_ci DEFAULT NULL,
  `password` varchar(191) CHARACTER SET utf8mb4 COLLATE utf8mb4_unicode_ci DEFAULT NULL,
  `code` varchar(191) CHARACTER SET utf8mb4 COLLATE utf8mb4_unicode_ci DEFAULT NULL,
  `country_id` bigint UNSIGNED DEFAULT NULL,
  `city_id` bigint UNSIGNED DEFAULT NULL,
  `rank_id` bigint UNSIGNED DEFAULT NULL,
  `social_id` varchar(191) CHARACTER SET utf8mb4 COLLATE utf8mb4_unicode_ci DEFAULT NULL,
  `cateories_ids` varchar(191) CHARACTER SET utf8mb4 COLLATE utf8mb4_unicode_ci DEFAULT NULL,
  `image` varchar(191) CHARACTER SET utf8mb4 COLLATE utf8mb4_unicode_ci DEFAULT NULL,
  `device_serial` varchar(191) CHARACTER SET utf8mb4 COLLATE utf8mb4_unicode_ci DEFAULT NULL,
  `device_token` varchar(191) CHARACTER SET utf8mb4 COLLATE utf8mb4_unicode_ci DEFAULT NULL,
  `date_of_birth` date DEFAULT NULL,
  `verified_email` tinyint(1) NOT NULL DEFAULT '0',
  `reason` varchar(191) CHARACTER SET utf8mb4 COLLATE utf8mb4_unicode_ci DEFAULT NULL,
  `status` varchar(191) CHARACTER SET utf8mb4 COLLATE utf8mb4_unicode_ci DEFAULT NULL COMMENT 'Blocked UnBlocked Pending',
  `challenge_num` int DEFAULT NULL,
  `like_num` int DEFAULT NULL,
  `video_num` int DEFAULT NULL,
  `invite_num` int DEFAULT NULL,
  `created_at` timestamp NULL DEFAULT NULL,
  `updated_at` timestamp NULL DEFAULT NULL
) ENGINE=InnoDB DEFAULT CHARSET=utf8mb4 COLLATE=utf8mb4_unicode_ci;

--
-- Dumping data for table `clients`
--

INSERT INTO `clients` (`id`, `user_name`, `email`, `password`, `code`, `country_id`, `city_id`, `rank_id`, `social_id`, `cateories_ids`, `image`, `device_serial`, `device_token`, `date_of_birth`, `verified_email`, `reason`, `status`, `challenge_num`, `like_num`, `video_num`, `invite_num`, `created_at`, `updated_at`) VALUES
(7, 'user99', 'shi@mozej.com', '$2y$10$cllCC6vhTvl2gRM7NKelVu5cTxpyBrIxwjXcr0to/TD.OCqXpTNlm', 'VKB8jYlh', 8, 38, 1, NULL, '[\"1\",\"2\",\"3\"]', 'Cp9ZWOAIG474MeF6O0PLaBIOjQWHy7ivjWD8Msaq.jpg', NULL, NULL, '1940-01-01', 1, NULL, 'UnBlocked', 11, 2, 1, 1, '2022-07-24 16:53:53', '2022-09-29 10:36:49'),
(11, 'ahmedshaiboub', 'shi1@mozej.com', '$2y$10$cllCC6vhTvl2gRM7NKelVu5cTxpyBrIxwjXcr0to/TD.OCqXpTNlm', 'VKB8jYl8', 8, 38, 1, NULL, '[\"1\",\"2\",\"3\"]', 'CF6Q60uiVv5QnDwiwWoC49hZyoTaVafKTOBSlZsL.jpg', NULL, NULL, '2000-01-01', 1, NULL, 'UnBlocked', 11, 1, 1, 1, '2022-07-24 16:53:53', '2022-09-29 11:17:52');

-- --------------------------------------------------------

--
-- Table structure for table `client_forget_passwords`
--

CREATE TABLE `client_forget_passwords` (
  `id` bigint UNSIGNED NOT NULL,
  `email` varchar(191) CHARACTER SET utf8mb4 COLLATE utf8mb4_unicode_ci NOT NULL,
  `token` varchar(191) CHARACTER SET utf8mb4 COLLATE utf8mb4_unicode_ci NOT NULL,
  `created_at` timestamp NULL DEFAULT NULL,
  `updated_at` timestamp NULL DEFAULT NULL
) ENGINE=InnoDB DEFAULT CHARSET=utf8mb4 COLLATE=utf8mb4_unicode_ci;

-- --------------------------------------------------------

--
-- Table structure for table `client_verify_emails`
--

CREATE TABLE `client_verify_emails` (
  `id` bigint UNSIGNED NOT NULL,
  `email` varchar(191) CHARACTER SET utf8mb4 COLLATE utf8mb4_unicode_ci NOT NULL,
  `token` varchar(191) CHARACTER SET utf8mb4 COLLATE utf8mb4_unicode_ci NOT NULL,
  `created_at` timestamp NULL DEFAULT NULL,
  `updated_at` timestamp NULL DEFAULT NULL
) ENGINE=InnoDB DEFAULT CHARSET=utf8mb4 COLLATE=utf8mb4_unicode_ci;

--
-- Dumping data for table `client_verify_emails`
--

INSERT INTO `client_verify_emails` (`id`, `email`, `token`, `created_at`, `updated_at`) VALUES
(5, 'Ahmed.shaiboub123@gmail.com', 'UT7q', '2022-07-24 09:57:12', '2022-07-24 09:57:12');

-- --------------------------------------------------------

--
-- Table structure for table `comments`
--

CREATE TABLE `comments` (
  `id` bigint UNSIGNED NOT NULL,
  `client_id` bigint UNSIGNED NOT NULL,
  `video_id` bigint UNSIGNED NOT NULL,
  `mentions` varchar(191) CHARACTER SET utf8mb4 COLLATE utf8mb4_unicode_ci DEFAULT NULL,
  `body` text CHARACTER SET utf8mb4 COLLATE utf8mb4_unicode_ci,
  `created_at` timestamp NULL DEFAULT NULL,
  `updated_at` timestamp NULL DEFAULT NULL
) ENGINE=InnoDB DEFAULT CHARSET=utf8mb4 COLLATE=utf8mb4_unicode_ci;

--
-- Dumping data for table `comments`
--

INSERT INTO `comments` (`id`, `client_id`, `video_id`, `mentions`, `body`, `created_at`, `updated_at`) VALUES
(76, 11, 54, NULL, 'تتتتت', '2022-09-28 12:22:45', '2022-09-28 12:22:45');

-- --------------------------------------------------------

--
-- Table structure for table `countries`
--

CREATE TABLE `countries` (
  `id` bigint UNSIGNED NOT NULL,
  `created_at` timestamp NULL DEFAULT NULL,
  `updated_at` timestamp NULL DEFAULT NULL
) ENGINE=InnoDB DEFAULT CHARSET=utf8mb4 COLLATE=utf8mb4_unicode_ci;

--
-- Dumping data for table `countries`
--

INSERT INTO `countries` (`id`, `created_at`, `updated_at`) VALUES
(3, '2021-12-21 13:29:17', '2021-12-21 13:29:17'),
(4, '2021-12-21 14:49:55', '2022-01-13 10:04:42'),
(5, '2022-01-13 10:05:26', '2022-01-13 10:05:26'),
(6, '2022-01-13 10:05:50', '2022-01-13 10:05:50'),
(7, '2022-01-13 10:06:14', '2022-01-13 10:06:14'),
(8, '2022-01-13 10:06:41', '2022-01-13 10:06:41'),
(9, '2022-01-13 10:07:05', '2022-01-13 10:07:05'),
(10, '2022-01-13 10:07:34', '2022-01-13 10:07:34'),
(11, '2022-01-13 10:07:57', '2022-01-13 10:08:22'),
(12, '2022-01-13 10:08:47', '2022-01-13 10:08:47'),
(13, '2022-01-13 10:09:08', '2022-01-13 10:09:08'),
(14, '2022-01-13 10:09:33', '2022-01-13 10:09:33'),
(15, '2022-01-13 10:09:54', '2022-01-13 10:09:54'),
(16, '2022-01-13 10:10:18', '2022-01-13 10:10:18'),
(17, '2022-01-13 10:10:38', '2022-01-13 10:10:38'),
(18, '2022-01-13 10:11:01', '2022-01-13 10:11:01'),
(19, '2022-01-13 10:11:24', '2022-01-13 10:11:24'),
(20, '2022-01-13 10:11:47', '2022-01-13 10:11:47');

-- --------------------------------------------------------

--
-- Table structure for table `country_translations`
--

CREATE TABLE `country_translations` (
  `id` bigint UNSIGNED NOT NULL,
  `country_id` bigint UNSIGNED NOT NULL,
  `locale` varchar(191) CHARACTER SET utf8mb4 COLLATE utf8mb4_unicode_ci NOT NULL,
  `name` varchar(191) CHARACTER SET utf8mb4 COLLATE utf8mb4_unicode_ci NOT NULL,
  `created_at` timestamp NULL DEFAULT NULL,
  `updated_at` timestamp NULL DEFAULT NULL
) ENGINE=InnoDB DEFAULT CHARSET=utf8mb4 COLLATE=utf8mb4_unicode_ci;

--
-- Dumping data for table `country_translations`
--

INSERT INTO `country_translations` (`id`, `country_id`, `locale`, `name`, `created_at`, `updated_at`) VALUES
(5, 3, 'ar', 'مصر', '2021-12-21 13:29:17', '2021-12-21 13:29:17'),
(6, 3, 'en', 'Egypt', '2021-12-21 13:29:17', '2021-12-21 13:29:17'),
(7, 4, 'ar', 'السعودية', '2021-12-21 14:49:55', '2022-01-13 10:04:42'),
(8, 4, 'en', 'Saudi Arabia', '2021-12-21 14:49:55', '2022-01-13 10:04:42'),
(9, 5, 'ar', 'الامارات', '2022-01-13 10:05:26', '2022-01-13 10:05:26'),
(10, 5, 'en', 'United Arab Emirates', '2022-01-13 10:05:26', '2022-01-13 10:05:26'),
(11, 6, 'ar', 'الكويت', '2022-01-13 10:05:50', '2022-01-13 10:05:50'),
(12, 6, 'en', 'kuwait', '2022-01-13 10:05:50', '2022-01-13 10:05:50'),
(13, 7, 'ar', 'الاردن', '2022-01-13 10:06:14', '2022-01-13 10:06:14'),
(14, 7, 'en', 'Jordan', '2022-01-13 10:06:14', '2022-01-13 10:06:14'),
(15, 8, 'ar', 'ليبيا', '2022-01-13 10:06:41', '2022-01-13 10:06:41'),
(16, 8, 'en', 'Libya', '2022-01-13 10:06:41', '2022-01-13 10:06:41'),
(17, 9, 'ar', 'البحرين', '2022-01-13 10:07:05', '2022-01-13 10:07:05'),
(18, 9, 'en', 'Bahrain', '2022-01-13 10:07:05', '2022-01-13 10:07:05'),
(19, 10, 'ar', 'قطر', '2022-01-13 10:07:34', '2022-01-13 10:07:34'),
(20, 10, 'en', 'Qatar', '2022-01-13 10:07:34', '2022-01-13 10:07:34'),
(21, 11, 'ar', 'عمان', '2022-01-13 10:07:57', '2022-01-13 10:07:57'),
(22, 11, 'en', 'Oman', '2022-01-13 10:07:57', '2022-01-13 10:07:57'),
(23, 12, 'ar', 'اليمن', '2022-01-13 10:08:47', '2022-01-13 10:08:47'),
(24, 12, 'en', 'Yemen', '2022-01-13 10:08:47', '2022-01-13 10:08:47'),
(25, 13, 'ar', 'العراق', '2022-01-13 10:09:08', '2022-01-13 10:09:08'),
(26, 13, 'en', 'Iraq', '2022-01-13 10:09:08', '2022-01-13 10:09:08'),
(27, 14, 'ar', 'المغرب', '2022-01-13 10:09:33', '2022-01-13 10:09:33'),
(28, 14, 'en', 'morocco', '2022-01-13 10:09:33', '2022-01-13 10:09:33'),
(29, 15, 'ar', 'لبنان', '2022-01-13 10:09:54', '2022-01-13 10:09:54'),
(30, 15, 'en', 'Lebanon', '2022-01-13 10:09:54', '2022-01-13 10:09:54'),
(31, 16, 'ar', 'الجزائر', '2022-01-13 10:10:18', '2022-01-13 10:10:18'),
(32, 16, 'en', 'Algeria', '2022-01-13 10:10:18', '2022-01-13 10:10:18'),
(33, 17, 'ar', 'تونس', '2022-01-13 10:10:38', '2022-01-13 10:10:38'),
(34, 17, 'en', 'Tunisia', '2022-01-13 10:10:38', '2022-01-13 10:10:38'),
(35, 18, 'ar', 'سوريا', '2022-01-13 10:11:01', '2022-01-13 10:11:01'),
(36, 18, 'en', 'Syria', '2022-01-13 10:11:01', '2022-01-13 10:11:01'),
(37, 19, 'ar', 'السودان', '2022-01-13 10:11:24', '2022-01-13 10:11:24'),
(38, 19, 'en', 'Sudan', '2022-01-13 10:11:24', '2022-01-13 10:11:24'),
(39, 20, 'ar', 'فلسطين', '2022-01-13 10:11:47', '2022-03-08 14:32:12'),
(40, 20, 'en', 'falastain', '2022-01-13 10:11:47', '2022-01-13 10:11:47');

-- --------------------------------------------------------

--
-- Table structure for table `failed_jobs`
--

CREATE TABLE `failed_jobs` (
  `id` bigint UNSIGNED NOT NULL,
  `connection` text CHARACTER SET utf8mb4 COLLATE utf8mb4_unicode_ci NOT NULL,
  `queue` text CHARACTER SET utf8mb4 COLLATE utf8mb4_unicode_ci NOT NULL,
  `payload` longtext CHARACTER SET utf8mb4 COLLATE utf8mb4_unicode_ci NOT NULL,
  `exception` longtext CHARACTER SET utf8mb4 COLLATE utf8mb4_unicode_ci NOT NULL,
  `failed_at` timestamp NOT NULL DEFAULT CURRENT_TIMESTAMP
) ENGINE=InnoDB DEFAULT CHARSET=utf8mb4 COLLATE=utf8mb4_unicode_ci;

-- --------------------------------------------------------

--
-- Table structure for table `favourites`
--

CREATE TABLE `favourites` (
  `id` bigint UNSIGNED NOT NULL,
  `client_id` bigint UNSIGNED NOT NULL,
  `challenge_id` bigint UNSIGNED NOT NULL,
  `created_at` timestamp NULL DEFAULT NULL,
  `updated_at` timestamp NULL DEFAULT NULL
) ENGINE=InnoDB DEFAULT CHARSET=utf8mb4 COLLATE=utf8mb4_unicode_ci;

-- --------------------------------------------------------

--
-- Table structure for table `hashtags`
--

CREATE TABLE `hashtags` (
  `id` bigint UNSIGNED NOT NULL,
  `title` varchar(191) CHARACTER SET utf8mb4 COLLATE utf8mb4_unicode_ci DEFAULT NULL,
  `category_id` bigint UNSIGNED NOT NULL,
  `created_at` timestamp NULL DEFAULT NULL,
  `updated_at` timestamp NULL DEFAULT NULL
) ENGINE=InnoDB DEFAULT CHARSET=utf8mb4 COLLATE=utf8mb4_unicode_ci;

--
-- Dumping data for table `hashtags`
--

INSERT INTO `hashtags` (`id`, `title`, `category_id`, `created_at`, `updated_at`) VALUES
(1, 'بطل السباحة العملاق', 1, '2022-06-17 15:18:07', '2022-06-17 15:18:07'),
(2, 'اليوجا هنا', 3, '2022-06-17 15:18:29', '2022-06-17 15:18:29'),
(3, '32', 1, '2022-06-27 10:03:48', '2022-06-27 10:03:48'),
(4, '32', 1, '2022-06-27 10:08:17', '2022-06-27 10:08:17'),
(5, 'mo salah', 1, '2022-06-27 10:08:17', '2022-06-27 10:08:17'),
(6, 'hash', 1, '2022-06-27 10:20:55', '2022-06-27 10:20:55'),
(7, 'go hhhh', 1, '2022-06-28 10:41:15', '2022-06-28 10:41:15'),
(8, 'go moh', 1, '2022-06-28 10:41:15', '2022-06-28 10:41:15'),
(9, 'go hhhh', 1, '2022-06-28 10:43:39', '2022-06-28 10:43:39'),
(10, 'go moh', 1, '2022-06-28 10:43:39', '2022-06-28 10:43:39'),
(11, 'go hhhh', 1, '2022-07-13 11:30:56', '2022-07-13 11:30:56'),
(12, 'go moh', 1, '2022-07-13 11:30:56', '2022-07-13 11:30:56'),
(13, 'go hhhh', 1, '2022-07-13 12:17:53', '2022-07-13 12:17:53'),
(14, 'go moh', 1, '2022-07-13 12:17:53', '2022-07-13 12:17:53'),
(15, 'go hhhh', 1, '2022-07-13 12:20:10', '2022-07-13 12:20:10'),
(16, 'go moh', 1, '2022-07-13 12:20:10', '2022-07-13 12:20:10'),
(17, 'go hhhh', 1, '2022-07-13 12:20:16', '2022-07-13 12:20:16'),
(18, 'go moh', 1, '2022-07-13 12:20:16', '2022-07-13 12:20:16'),
(19, 'go hhhh', 1, '2022-07-13 12:20:21', '2022-07-13 12:20:21'),
(20, 'go moh', 1, '2022-07-13 12:20:21', '2022-07-13 12:20:21'),
(21, 'go hhhh', 1, '2022-07-13 12:20:41', '2022-07-13 12:20:41'),
(22, 'go moh', 1, '2022-07-13 12:20:41', '2022-07-13 12:20:41'),
(23, 'go hhhh', 1, '2022-07-13 12:20:48', '2022-07-13 12:20:48'),
(24, 'go moh', 1, '2022-07-13 12:20:48', '2022-07-13 12:20:48'),
(25, 'go hhhh', 1, '2022-07-13 12:20:54', '2022-07-13 12:20:54'),
(26, 'go moh', 1, '2022-07-13 12:20:54', '2022-07-13 12:20:54'),
(27, 'go hhhh', 1, '2022-07-13 12:21:05', '2022-07-13 12:21:05'),
(28, 'go moh', 1, '2022-07-13 12:21:05', '2022-07-13 12:21:05'),
(29, 'go hhhh', 1, '2022-07-13 12:21:10', '2022-07-13 12:21:10'),
(30, 'go moh', 1, '2022-07-13 12:21:10', '2022-07-13 12:21:10'),
(31, 'go hhhh', 1, '2022-07-13 12:21:32', '2022-07-13 12:21:32'),
(32, 'go moh', 1, '2022-07-13 12:21:32', '2022-07-13 12:21:32'),
(33, 'go hhhh', 1, '2022-07-13 12:21:55', '2022-07-13 12:21:55'),
(34, 'go moh', 1, '2022-07-13 12:21:55', '2022-07-13 12:21:55'),
(35, 'go hhhh', 1, '2022-07-13 12:22:01', '2022-07-13 12:22:01'),
(36, 'go moh', 1, '2022-07-13 12:22:01', '2022-07-13 12:22:01'),
(37, 'go hhhh', 1, '2022-07-13 12:22:13', '2022-07-13 12:22:13'),
(38, 'go moh', 1, '2022-07-13 12:22:13', '2022-07-13 12:22:13'),
(39, 'Mo Salah', 2, '2022-07-24 10:39:26', '2022-07-24 10:39:26'),
(40, 'moh', 1, '2022-07-24 15:50:30', '2022-07-24 15:50:30'),
(41, 'yoga', 3, '2022-07-24 17:27:04', '2022-07-24 17:27:04'),
(42, 'football', 2, '2022-07-29 10:04:21', '2022-07-29 10:04:21'),
(43, 'مقابالات', 3, '2022-08-13 17:17:58', '2022-08-13 17:17:58'),
(44, 'coffee', 3, '2022-08-13 18:01:17', '2022-08-13 18:01:17'),
(45, 'المصري', 1, '2022-09-27 10:18:16', '2022-09-27 10:18:16'),
(46, 'القوه', 2, '2022-09-27 11:16:47', '2022-09-27 11:16:47'),
(47, 'go hhhh', 1, '2022-09-27 13:59:53', '2022-09-27 13:59:53'),
(48, 'go moh', 1, '2022-09-27 13:59:53', '2022-09-27 13:59:53'),
(49, 'go hhhh', 1, '2022-09-27 14:02:39', '2022-09-27 14:02:39'),
(50, 'go moh', 1, '2022-09-27 14:02:39', '2022-09-27 14:02:39');

-- --------------------------------------------------------

--
-- Table structure for table `likes`
--

CREATE TABLE `likes` (
  `id` bigint UNSIGNED NOT NULL,
  `client_id` bigint UNSIGNED NOT NULL,
  `video_id` bigint UNSIGNED DEFAULT NULL,
  `comment_id` bigint UNSIGNED DEFAULT NULL,
  `replay_id` bigint UNSIGNED DEFAULT NULL,
  `created_at` timestamp NULL DEFAULT NULL,
  `updated_at` timestamp NULL DEFAULT NULL,
  `story_id` bigint UNSIGNED DEFAULT NULL,
  `react_num` int NOT NULL DEFAULT '0'
) ENGINE=InnoDB DEFAULT CHARSET=utf8mb4 COLLATE=utf8mb4_unicode_ci;

--
-- Dumping data for table `likes`
--

INSERT INTO `likes` (`id`, `client_id`, `video_id`, `comment_id`, `replay_id`, `created_at`, `updated_at`, `story_id`, `react_num`) VALUES
(133, 11, NULL, NULL, NULL, '2022-09-28 06:34:51', '2022-09-28 11:02:35', 38, 5),
(136, 11, 54, NULL, NULL, '2022-09-28 12:57:46', '2022-09-28 12:57:46', NULL, 0);

-- --------------------------------------------------------

--
-- Table structure for table `migrations`
--

CREATE TABLE `migrations` (
  `id` int UNSIGNED NOT NULL,
  `migration` varchar(191) CHARACTER SET utf8mb4 COLLATE utf8mb4_unicode_ci NOT NULL,
  `batch` int NOT NULL
) ENGINE=InnoDB DEFAULT CHARSET=utf8mb4 COLLATE=utf8mb4_unicode_ci;

--
-- Dumping data for table `migrations`
--

INSERT INTO `migrations` (`id`, `migration`, `batch`) VALUES
(1, '2014_10_12_000000_create_users_table', 1),
(2, '2014_10_12_100000_create_password_resets_table', 1),
(3, '2016_06_01_000001_create_oauth_auth_codes_table', 1),
(4, '2016_06_01_000002_create_oauth_access_tokens_table', 1),
(5, '2016_06_01_000003_create_oauth_refresh_tokens_table', 1),
(6, '2016_06_01_000004_create_oauth_clients_table', 1),
(7, '2016_06_01_000005_create_oauth_personal_access_clients_table', 1),
(8, '2019_08_19_000000_create_failed_jobs_table', 1),
(9, '2021_02_08_143229_create_clients_table', 1),
(10, '2021_03_22_191340_laratrust_setup_tables', 1),
(11, '2021_03_23_203236_create_countries_table', 1),
(12, '2021_03_24_203636_create_country_translations_table', 1),
(13, '2021_11_03_110408_create_likes_table', 1),
(14, '2022_02_05_121709_create_cities_table', 1),
(15, '2022_02_05_122248_create_ranks_table', 1),
(16, '2022_02_07_122447_create_categories_table', 1),
(17, '2022_02_08_121811_create_stories_table', 1),
(18, '2022_02_08_121811_create_videos_table', 1),
(19, '2022_02_08_121916_create_challenges_table', 1),
(20, '2022_02_08_122110_create_favorites_table', 1),
(21, '2022_02_08_122155_create_winers_table', 1),
(22, '2022_02_08_122230_create_reasons_table', 1),
(23, '2022_02_08_122317_create_violations_table', 1),
(24, '2022_02_08_122320_create_reports_table', 1),
(25, '2022_02_08_140057_create_notifications_table', 1),
(26, '2022_02_09_080820_create_client_forget_passwords_table', 1),
(27, '2022_02_09_080953_create_client_verify_emails_table', 1),
(28, '2022_02_09_105858_create_comments_table', 1),
(29, '2022_02_24_203636_create_rank_translations_table', 1),
(30, '2022_02_7_203636_create_category_translations_table', 1),
(31, '2022_02_8_122318_create_violation_translations_table', 1),
(32, '2022_02_9_203636_create_city_translations_table', 1),
(33, '2022_02_9_203636_create_notification_translations_table', 1),
(34, '2022_03_23_100113_create_shars_table', 1),
(35, '2022_03_23_100113_create_watchs_table', 1),
(36, '2022_03_23_103203_create_replays_table', 1),
(37, '2022_03_24_134038_create_hashtags_table', 1);

-- --------------------------------------------------------

--
-- Table structure for table `notifications`
--

CREATE TABLE `notifications` (
  `id` bigint UNSIGNED NOT NULL,
  `sender_id` bigint UNSIGNED DEFAULT NULL,
  `reciver_id` bigint UNSIGNED NOT NULL,
  `comment_id` bigint UNSIGNED DEFAULT NULL,
  `replay_id` bigint UNSIGNED DEFAULT NULL,
  `challenge_id` bigint UNSIGNED DEFAULT NULL,
  `video_id` bigint UNSIGNED DEFAULT NULL,
  `type` varchar(191) CHARACTER SET utf8mb4 COLLATE utf8mb4_unicode_ci NOT NULL COMMENT 'comment replay challenge video',
  `read_at` date DEFAULT NULL,
  `status` varchar(255) COLLATE utf8mb4_unicode_ci DEFAULT NULL,
  `created_at` timestamp NULL DEFAULT NULL,
  `updated_at` timestamp NULL DEFAULT NULL
) ENGINE=InnoDB DEFAULT CHARSET=utf8mb4 COLLATE=utf8mb4_unicode_ci;

--
-- Dumping data for table `notifications`
--

INSERT INTO `notifications` (`id`, `sender_id`, `reciver_id`, `comment_id`, `replay_id`, `challenge_id`, `video_id`, `type`, `read_at`, `status`, `created_at`, `updated_at`) VALUES
(168, 7, 11, NULL, NULL, 51, 56, 'request', '2028-09-22', NULL, '2022-09-28 08:25:56', '2022-09-28 09:19:11'),
(169, 11, 7, 76, NULL, 49, 54, 'comment', '2029-09-22', NULL, '2022-09-28 12:22:45', '2022-09-29 10:43:31'),
(170, 11, 7, NULL, NULL, 54, 59, 'request', '2029-09-22', NULL, '2022-09-29 10:06:23', '2022-09-29 10:43:31'),
(172, 11, 7, NULL, NULL, 55, 60, 'request', '2029-09-22', NULL, '2022-09-29 10:44:16', '2022-09-29 13:13:43');

-- --------------------------------------------------------

--
-- Table structure for table `notification_translations`
--

CREATE TABLE `notification_translations` (
  `id` bigint UNSIGNED NOT NULL,
  `notification_id` bigint UNSIGNED NOT NULL,
  `locale` varchar(191) CHARACTER SET utf8mb4 COLLATE utf8mb4_unicode_ci NOT NULL,
  `title` varchar(191) CHARACTER SET utf8mb4 COLLATE utf8mb4_unicode_ci DEFAULT NULL,
  `body` text CHARACTER SET utf8mb4 COLLATE utf8mb4_unicode_ci,
  `created_at` timestamp NULL DEFAULT NULL,
  `updated_at` timestamp NULL DEFAULT NULL
) ENGINE=InnoDB DEFAULT CHARSET=utf8mb4 COLLATE=utf8mb4_unicode_ci;

--
-- Dumping data for table `notification_translations`
--

INSERT INTO `notification_translations` (`id`, `notification_id`, `locale`, `title`, `body`, `created_at`, `updated_at`) VALUES
(335, 168, 'ar', 'Mimic', 'هل تستطيع ان تتحدانى؟', NULL, NULL),
(336, 168, 'en', 'Mimic', 'Can You Challenge Me?', NULL, NULL),
(337, 169, 'ar', 'Mimic', ' علق على الفديو الخاص بكahmedshaiboub', NULL, NULL),
(338, 169, 'en', 'Mimic', 'ahmedshaiboub Comment Your Video', NULL, NULL),
(339, 170, 'ar', 'Mimic', 'هل تستطيع ان تتحدانى؟', NULL, NULL),
(340, 170, 'en', 'Mimic', 'Can You Challenge Me?', NULL, NULL),
(343, 172, 'ar', 'Mimic', 'هل تستطيع ان تتحدانى؟', NULL, NULL),
(344, 172, 'en', 'Mimic', 'Can You Challenge Me?', NULL, NULL);

-- --------------------------------------------------------

--
-- Table structure for table `oauth_access_tokens`
--

CREATE TABLE `oauth_access_tokens` (
  `id` varchar(100) CHARACTER SET utf8mb4 COLLATE utf8mb4_unicode_ci NOT NULL,
  `user_id` bigint UNSIGNED DEFAULT NULL,
  `client_id` bigint UNSIGNED NOT NULL,
  `name` varchar(191) CHARACTER SET utf8mb4 COLLATE utf8mb4_unicode_ci DEFAULT NULL,
  `scopes` text CHARACTER SET utf8mb4 COLLATE utf8mb4_unicode_ci,
  `revoked` tinyint(1) NOT NULL,
  `created_at` timestamp NULL DEFAULT NULL,
  `updated_at` timestamp NULL DEFAULT NULL,
  `expires_at` datetime DEFAULT NULL
) ENGINE=InnoDB DEFAULT CHARSET=utf8mb4 COLLATE=utf8mb4_unicode_ci;

-- --------------------------------------------------------

--
-- Table structure for table `oauth_auth_codes`
--

CREATE TABLE `oauth_auth_codes` (
  `id` varchar(100) CHARACTER SET utf8mb4 COLLATE utf8mb4_unicode_ci NOT NULL,
  `user_id` bigint UNSIGNED NOT NULL,
  `client_id` bigint UNSIGNED NOT NULL,
  `scopes` text CHARACTER SET utf8mb4 COLLATE utf8mb4_unicode_ci,
  `revoked` tinyint(1) NOT NULL,
  `expires_at` datetime DEFAULT NULL
) ENGINE=InnoDB DEFAULT CHARSET=utf8mb4 COLLATE=utf8mb4_unicode_ci;

-- --------------------------------------------------------

--
-- Table structure for table `oauth_clients`
--

CREATE TABLE `oauth_clients` (
  `id` bigint UNSIGNED NOT NULL,
  `user_id` bigint UNSIGNED DEFAULT NULL,
  `name` varchar(191) CHARACTER SET utf8mb4 COLLATE utf8mb4_unicode_ci NOT NULL,
  `secret` varchar(100) CHARACTER SET utf8mb4 COLLATE utf8mb4_unicode_ci DEFAULT NULL,
  `provider` varchar(191) CHARACTER SET utf8mb4 COLLATE utf8mb4_unicode_ci DEFAULT NULL,
  `redirect` text CHARACTER SET utf8mb4 COLLATE utf8mb4_unicode_ci NOT NULL,
  `personal_access_client` tinyint(1) NOT NULL,
  `password_client` tinyint(1) NOT NULL,
  `revoked` tinyint(1) NOT NULL,
  `created_at` timestamp NULL DEFAULT NULL,
  `updated_at` timestamp NULL DEFAULT NULL
) ENGINE=InnoDB DEFAULT CHARSET=utf8mb4 COLLATE=utf8mb4_unicode_ci;

-- --------------------------------------------------------

--
-- Table structure for table `oauth_personal_access_clients`
--

CREATE TABLE `oauth_personal_access_clients` (
  `id` bigint UNSIGNED NOT NULL,
  `client_id` bigint UNSIGNED NOT NULL,
  `created_at` timestamp NULL DEFAULT NULL,
  `updated_at` timestamp NULL DEFAULT NULL
) ENGINE=InnoDB DEFAULT CHARSET=utf8mb4 COLLATE=utf8mb4_unicode_ci;

-- --------------------------------------------------------

--
-- Table structure for table `oauth_refresh_tokens`
--

CREATE TABLE `oauth_refresh_tokens` (
  `id` varchar(100) CHARACTER SET utf8mb4 COLLATE utf8mb4_unicode_ci NOT NULL,
  `access_token_id` varchar(100) CHARACTER SET utf8mb4 COLLATE utf8mb4_unicode_ci NOT NULL,
  `revoked` tinyint(1) NOT NULL,
  `expires_at` datetime DEFAULT NULL
) ENGINE=InnoDB DEFAULT CHARSET=utf8mb4 COLLATE=utf8mb4_unicode_ci;

-- --------------------------------------------------------

--
-- Table structure for table `password_resets`
--

CREATE TABLE `password_resets` (
  `email` varchar(191) CHARACTER SET utf8mb4 COLLATE utf8mb4_unicode_ci NOT NULL,
  `token` varchar(191) CHARACTER SET utf8mb4 COLLATE utf8mb4_unicode_ci NOT NULL,
  `created_at` timestamp NULL DEFAULT NULL
) ENGINE=InnoDB DEFAULT CHARSET=utf8mb4 COLLATE=utf8mb4_unicode_ci;

-- --------------------------------------------------------

--
-- Table structure for table `permissions`
--

CREATE TABLE `permissions` (
  `id` int UNSIGNED NOT NULL,
  `name` varchar(191) CHARACTER SET utf8mb4 COLLATE utf8mb4_unicode_ci NOT NULL,
  `display_name` varchar(191) CHARACTER SET utf8mb4 COLLATE utf8mb4_unicode_ci DEFAULT NULL,
  `description` varchar(191) CHARACTER SET utf8mb4 COLLATE utf8mb4_unicode_ci DEFAULT NULL,
  `created_at` timestamp NULL DEFAULT NULL,
  `updated_at` timestamp NULL DEFAULT NULL
) ENGINE=InnoDB DEFAULT CHARSET=utf8mb4 COLLATE=utf8mb4_unicode_ci;

--
-- Dumping data for table `permissions`
--

INSERT INTO `permissions` (`id`, `name`, `display_name`, `description`, `created_at`, `updated_at`) VALUES
(1, 'create-users', 'Create Users', 'Create Users', '2022-06-17 14:48:10', '2022-06-17 14:48:10'),
(2, 'read-users', 'Read Users', 'Read Users', '2022-06-17 14:48:10', '2022-06-17 14:48:10'),
(3, 'update-users', 'Update Users', 'Update Users', '2022-06-17 14:48:10', '2022-06-17 14:48:10'),
(4, 'delete-users', 'Delete Users', 'Delete Users', '2022-06-17 14:48:10', '2022-06-17 14:48:10'),
(5, 'create-roles', 'Create Roles', 'Create Roles', '2022-06-17 14:48:11', '2022-06-17 14:48:11'),
(6, 'read-roles', 'Read Roles', 'Read Roles', '2022-06-17 14:48:11', '2022-06-17 14:48:11'),
(7, 'update-roles', 'Update Roles', 'Update Roles', '2022-06-17 14:48:11', '2022-06-17 14:48:11'),
(8, 'delete-roles', 'Delete Roles', 'Delete Roles', '2022-06-17 14:48:11', '2022-06-17 14:48:11'),
(9, 'create-countries', 'Create Countries', 'Create Countries', '2022-06-17 14:48:11', '2022-06-17 14:48:11'),
(10, 'read-countries', 'Read Countries', 'Read Countries', '2022-06-17 14:48:11', '2022-06-17 14:48:11'),
(11, 'update-countries', 'Update Countries', 'Update Countries', '2022-06-17 14:48:11', '2022-06-17 14:48:11'),
(12, 'delete-countries', 'Delete Countries', 'Delete Countries', '2022-06-17 14:48:11', '2022-06-17 14:48:11'),
(13, 'create-cities', 'Create Cities', 'Create Cities', '2022-06-17 14:48:11', '2022-06-17 14:48:11'),
(14, 'read-cities', 'Read Cities', 'Read Cities', '2022-06-17 14:48:11', '2022-06-17 14:48:11'),
(15, 'update-cities', 'Update Cities', 'Update Cities', '2022-06-17 14:48:11', '2022-06-17 14:48:11'),
(16, 'delete-cities', 'Delete Cities', 'Delete Cities', '2022-06-17 14:48:11', '2022-06-17 14:48:11'),
(17, 'create-categories', 'Create Categories', 'Create Categories', '2022-06-17 14:48:11', '2022-06-17 14:48:11'),
(18, 'read-categories', 'Read Categories', 'Read Categories', '2022-06-17 14:48:11', '2022-06-17 14:48:11'),
(19, 'update-categories', 'Update Categories', 'Update Categories', '2022-06-17 14:48:12', '2022-06-17 14:48:12'),
(20, 'delete-categories', 'Delete Categories', 'Delete Categories', '2022-06-17 14:48:12', '2022-06-17 14:48:12'),
(21, 'create-clients', 'Create Clients', 'Create Clients', '2022-06-17 14:48:12', '2022-06-17 14:48:12'),
(22, 'read-clients', 'Read Clients', 'Read Clients', '2022-06-17 14:48:12', '2022-06-17 14:48:12'),
(23, 'update-clients', 'Update Clients', 'Update Clients', '2022-06-17 14:48:12', '2022-06-17 14:48:12'),
(24, 'delete-clients', 'Delete Clients', 'Delete Clients', '2022-06-17 14:48:12', '2022-06-17 14:48:12'),
(25, 'create-ranks', 'Create Ranks', 'Create Ranks', '2022-06-17 14:48:12', '2022-06-17 14:48:12'),
(26, 'read-ranks', 'Read Ranks', 'Read Ranks', '2022-06-17 14:48:12', '2022-06-17 14:48:12'),
(27, 'update-ranks', 'Update Ranks', 'Update Ranks', '2022-06-17 14:48:12', '2022-06-17 14:48:12'),
(28, 'delete-ranks', 'Delete Ranks', 'Delete Ranks', '2022-06-17 14:48:12', '2022-06-17 14:48:12'),
(29, 'create-hashtags', 'Create Hashtags', 'Create Hashtags', '2022-06-17 14:48:12', '2022-06-17 14:48:12'),
(30, 'read-hashtags', 'Read Hashtags', 'Read Hashtags', '2022-06-17 14:48:12', '2022-06-17 14:48:12'),
(31, 'update-hashtags', 'Update Hashtags', 'Update Hashtags', '2022-06-17 14:48:12', '2022-06-17 14:48:12'),
(32, 'delete-hashtags', 'Delete Hashtags', 'Delete Hashtags', '2022-06-17 14:48:12', '2022-06-17 14:48:12'),
(33, 'create-challenges', 'Create Challenges', 'Create Challenges', '2022-06-17 14:48:12', '2022-06-17 14:48:12'),
(34, 'read-challenges', 'Read Challenges', 'Read Challenges', '2022-06-17 14:48:12', '2022-06-17 14:48:12'),
(35, 'update-challenges', 'Update Challenges', 'Update Challenges', '2022-06-17 14:48:12', '2022-06-17 14:48:12'),
(36, 'delete-challenges', 'Delete Challenges', 'Delete Challenges', '2022-06-17 14:48:12', '2022-06-17 14:48:12'),
(37, 'create-videos', 'Create Videos', 'Create Videos', '2022-06-17 14:48:12', '2022-06-17 14:48:12'),
(38, 'read-videos', 'Read Videos', 'Read Videos', '2022-06-17 14:48:13', '2022-06-17 14:48:13'),
(39, 'update-videos', 'Update Videos', 'Update Videos', '2022-06-17 14:48:13', '2022-06-17 14:48:13'),
(40, 'delete-videos', 'Delete Videos', 'Delete Videos', '2022-06-17 14:48:13', '2022-06-17 14:48:13'),
(41, 'create-stories', 'Create Stories', 'Create Stories', '2022-06-17 14:48:13', '2022-06-17 14:48:13'),
(42, 'read-stories', 'Read Stories', 'Read Stories', '2022-06-17 14:48:13', '2022-06-17 14:48:13'),
(43, 'update-stories', 'Update Stories', 'Update Stories', '2022-06-17 14:48:13', '2022-06-17 14:48:13'),
(44, 'delete-stories', 'Delete Stories', 'Delete Stories', '2022-06-17 14:48:13', '2022-06-17 14:48:13'),
(45, 'create-reports', 'Create Reports', 'Create Reports', '2022-06-17 14:48:13', '2022-06-17 14:48:13'),
(46, 'read-reports', 'Read Reports', 'Read Reports', '2022-06-17 14:48:13', '2022-06-17 14:48:13'),
(47, 'update-reports', 'Update Reports', 'Update Reports', '2022-06-17 14:48:13', '2022-06-17 14:48:13'),
(48, 'delete-reports', 'Delete Reports', 'Delete Reports', '2022-06-17 14:48:13', '2022-06-17 14:48:13'),
(49, 'create-notifications', 'Create Notifications', 'Create Notifications', '2022-06-17 14:48:13', '2022-06-17 14:48:13'),
(50, 'read-notifications', 'Read Notifications', 'Read Notifications', '2022-06-17 14:48:13', '2022-06-17 14:48:13'),
(51, 'update-notifications', 'Update Notifications', 'Update Notifications', '2022-06-17 14:48:13', '2022-06-17 14:48:13'),
(52, 'delete-notifications', 'Delete Notifications', 'Delete Notifications', '2022-06-17 14:48:13', '2022-06-17 14:48:13');

-- --------------------------------------------------------

--
-- Table structure for table `permission_role`
--

CREATE TABLE `permission_role` (
  `permission_id` int UNSIGNED NOT NULL,
  `role_id` int UNSIGNED NOT NULL
) ENGINE=InnoDB DEFAULT CHARSET=utf8mb4 COLLATE=utf8mb4_unicode_ci;

--
-- Dumping data for table `permission_role`
--

INSERT INTO `permission_role` (`permission_id`, `role_id`) VALUES
(1, 1),
(2, 1),
(3, 1),
(5, 1),
(6, 1),
(7, 1),
(9, 1),
(10, 1),
(11, 1),
(13, 1),
(14, 1),
(15, 1),
(17, 1),
(18, 1),
(19, 1),
(21, 1),
(22, 1),
(23, 1),
(25, 1),
(26, 1),
(27, 1),
(29, 1),
(30, 1),
(31, 1),
(33, 1),
(34, 1),
(35, 1),
(37, 1),
(38, 1),
(39, 1),
(41, 1),
(42, 1),
(43, 1),
(45, 1),
(46, 1),
(47, 1),
(49, 1),
(50, 1),
(51, 1);

-- --------------------------------------------------------

--
-- Table structure for table `permission_user`
--

CREATE TABLE `permission_user` (
  `permission_id` int UNSIGNED NOT NULL,
  `user_id` int UNSIGNED NOT NULL,
  `user_type` varchar(191) CHARACTER SET utf8mb4 COLLATE utf8mb4_unicode_ci NOT NULL
) ENGINE=InnoDB DEFAULT CHARSET=utf8mb4 COLLATE=utf8mb4_unicode_ci;

-- --------------------------------------------------------

--
-- Table structure for table `ranks`
--

CREATE TABLE `ranks` (
  `id` bigint UNSIGNED NOT NULL,
  `image` varchar(191) CHARACTER SET utf8mb4 COLLATE utf8mb4_unicode_ci NOT NULL,
  `challenge_num` int DEFAULT NULL,
  `video_num` int DEFAULT NULL,
  `like_num` int DEFAULT NULL,
  `invit_num` int DEFAULT NULL,
  `created_at` timestamp NULL DEFAULT NULL,
  `updated_at` timestamp NULL DEFAULT NULL
) ENGINE=InnoDB DEFAULT CHARSET=utf8mb4 COLLATE=utf8mb4_unicode_ci;

--
-- Dumping data for table `ranks`
--

INSERT INTO `ranks` (`id`, `image`, `challenge_num`, `video_num`, `like_num`, `invit_num`, `created_at`, `updated_at`) VALUES
(1, 'Ure6QSaKkTD4kmD5KvTNMxBfdzkyqHUrnaCkdXty.jpg', 4, 4, 4, 4, '2022-06-17 15:14:17', '2022-08-05 17:12:57'),
(2, 'SSE6LoJix1CM8bPJnENnZqUwANcI1WK5fN1Likw7.jpg', 1, 3, 2, 3, '2022-06-17 15:15:32', '2022-08-05 17:12:48'),
(3, 'PVMLX5sxRvRFBRHZT4JpG5eJYnzuIgJbIANdwFRf.jpg', 20, 15, 30, 10, '2022-08-06 07:18:19', '2022-08-06 07:18:19');

-- --------------------------------------------------------

--
-- Table structure for table `rank_translations`
--

CREATE TABLE `rank_translations` (
  `id` bigint UNSIGNED NOT NULL,
  `rank_id` bigint UNSIGNED NOT NULL,
  `locale` varchar(191) CHARACTER SET utf8mb4 COLLATE utf8mb4_unicode_ci NOT NULL,
  `title` varchar(191) CHARACTER SET utf8mb4 COLLATE utf8mb4_unicode_ci NOT NULL,
  `description` varchar(191) CHARACTER SET utf8mb4 COLLATE utf8mb4_unicode_ci NOT NULL,
  `created_at` timestamp NULL DEFAULT NULL,
  `updated_at` timestamp NULL DEFAULT NULL
) ENGINE=InnoDB DEFAULT CHARSET=utf8mb4 COLLATE=utf8mb4_unicode_ci;

--
-- Dumping data for table `rank_translations`
--

INSERT INTO `rank_translations` (`id`, `rank_id`, `locale`, `title`, `description`, `created_at`, `updated_at`) VALUES
(1, 1, 'ar', 'الذهبى', 'الذهبى', NULL, NULL),
(2, 1, 'en', 'Gold', 'Gold', NULL, NULL),
(3, 2, 'ar', 'الماس', 'الماس', NULL, NULL),
(4, 2, 'en', 'masa', 'masa', NULL, NULL);

-- --------------------------------------------------------

--
-- Table structure for table `reasons`
--

CREATE TABLE `reasons` (
  `id` bigint UNSIGNED NOT NULL,
  `reason` text CHARACTER SET utf8mb4 COLLATE utf8mb4_unicode_ci,
  `video_id` bigint UNSIGNED NOT NULL,
  `type` varchar(191) CHARACTER SET utf8mb4 COLLATE utf8mb4_unicode_ci DEFAULT NULL,
  `created_at` timestamp NULL DEFAULT NULL,
  `updated_at` timestamp NULL DEFAULT NULL
) ENGINE=InnoDB DEFAULT CHARSET=utf8mb4 COLLATE=utf8mb4_unicode_ci;

-- --------------------------------------------------------

--
-- Table structure for table `replays`
--

CREATE TABLE `replays` (
  `id` bigint UNSIGNED NOT NULL,
  `comment_id` bigint UNSIGNED NOT NULL,
  `client_id` bigint UNSIGNED NOT NULL,
  `mentions` varchar(191) CHARACTER SET utf8mb4 COLLATE utf8mb4_unicode_ci DEFAULT NULL,
  `body` text CHARACTER SET utf8mb4 COLLATE utf8mb4_unicode_ci,
  `created_at` timestamp NULL DEFAULT NULL,
  `updated_at` timestamp NULL DEFAULT NULL
) ENGINE=InnoDB DEFAULT CHARSET=utf8mb4 COLLATE=utf8mb4_unicode_ci;

-- --------------------------------------------------------

--
-- Table structure for table `reports`
--

CREATE TABLE `reports` (
  `id` bigint UNSIGNED NOT NULL,
  `text` varchar(191) CHARACTER SET utf8mb4 COLLATE utf8mb4_unicode_ci NOT NULL,
  `client_id` bigint UNSIGNED NOT NULL,
  `video_id` bigint UNSIGNED NOT NULL,
  `status` varchar(191) CHARACTER SET utf8mb4 COLLATE utf8mb4_unicode_ci NOT NULL DEFAULT 'new' COMMENT 'new confirmed',
  `created_at` timestamp NULL DEFAULT NULL,
  `updated_at` timestamp NULL DEFAULT NULL
) ENGINE=InnoDB DEFAULT CHARSET=utf8mb4 COLLATE=utf8mb4_unicode_ci;

-- --------------------------------------------------------

--
-- Table structure for table `roles`
--

CREATE TABLE `roles` (
  `id` int UNSIGNED NOT NULL,
  `name` varchar(191) CHARACTER SET utf8mb4 COLLATE utf8mb4_unicode_ci NOT NULL,
  `display_name` varchar(191) CHARACTER SET utf8mb4 COLLATE utf8mb4_unicode_ci DEFAULT NULL,
  `description` varchar(191) CHARACTER SET utf8mb4 COLLATE utf8mb4_unicode_ci DEFAULT NULL,
  `created_at` timestamp NULL DEFAULT NULL,
  `updated_at` timestamp NULL DEFAULT NULL
) ENGINE=InnoDB DEFAULT CHARSET=utf8mb4 COLLATE=utf8mb4_unicode_ci;

--
-- Dumping data for table `roles`
--

INSERT INTO `roles` (`id`, `name`, `display_name`, `description`, `created_at`, `updated_at`) VALUES
(1, 'super', 'Super', 'Super', '2022-06-17 14:48:10', '2022-06-17 14:48:10');

-- --------------------------------------------------------

--
-- Table structure for table `role_user`
--

CREATE TABLE `role_user` (
  `role_id` int UNSIGNED NOT NULL,
  `user_id` int UNSIGNED NOT NULL,
  `user_type` varchar(191) CHARACTER SET utf8mb4 COLLATE utf8mb4_unicode_ci NOT NULL
) ENGINE=InnoDB DEFAULT CHARSET=utf8mb4 COLLATE=utf8mb4_unicode_ci;

--
-- Dumping data for table `role_user`
--

INSERT INTO `role_user` (`role_id`, `user_id`, `user_type`) VALUES
(1, 1, 'App\\User');

-- --------------------------------------------------------

--
-- Table structure for table `shars`
--

CREATE TABLE `shars` (
  `id` bigint UNSIGNED NOT NULL,
  `challenge_id` bigint UNSIGNED NOT NULL,
  `client_id` bigint UNSIGNED NOT NULL,
  `created_at` timestamp NULL DEFAULT NULL,
  `updated_at` timestamp NULL DEFAULT NULL
) ENGINE=InnoDB DEFAULT CHARSET=utf8mb4 COLLATE=utf8mb4_unicode_ci;

-- --------------------------------------------------------

--
-- Table structure for table `stories`
--

CREATE TABLE `stories` (
  `id` bigint UNSIGNED NOT NULL,
  `video` varchar(191) CHARACTER SET utf8mb4 COLLATE utf8mb4_unicode_ci NOT NULL,
  `thumb` varchar(191) CHARACTER SET utf8mb4 COLLATE utf8mb4_unicode_ci DEFAULT NULL,
  `videos` varchar(191) CHARACTER SET utf8mb4 COLLATE utf8mb4_unicode_ci DEFAULT NULL COMMENT 'store all videos names',
  `client_id` bigint UNSIGNED NOT NULL,
  `status` varchar(191) CHARACTER SET utf8mb4 COLLATE utf8mb4_unicode_ci NOT NULL DEFAULT 'pending' COMMENT 'pending accept reject',
  `created_at` timestamp NULL DEFAULT NULL,
  `updated_at` timestamp NULL DEFAULT NULL
) ENGINE=InnoDB DEFAULT CHARSET=utf8mb4 COLLATE=utf8mb4_unicode_ci;

--
-- Dumping data for table `stories`
--

INSERT INTO `stories` (`id`, `video`, `thumb`, `videos`, `client_id`, `status`, `created_at`, `updated_at`) VALUES
(37, '1664296015119.m3u8', 'TYyPinnJF5r9zUX4Z96THGpUET8nqWUG08JBtCuy.jpg', '[\"0_1664296015119_0.ts\",\"1664296015119.m3u8\",\"0_1664296015119.m3u8\",\"0_1664296015119_1.ts\",\"0_1664296015119_2.ts\"]', 7, 'accept', '2022-09-27 14:27:11', '2022-09-27 14:27:11'),
(38, '1664353383616.m3u8', 'hRT39zcl2KTdBD8ieCYl48Vy61BzAs7MVkcr3J1r.jpg', '[\"0_1664353383616_0.ts\",\"1664353383616.m3u8\",\"0_1664353383616.m3u8\"]', 7, 'accept', '2022-09-28 06:23:11', '2022-09-28 06:23:11'),
(39, '1664455176770.m3u8', 'I1fW7GI5dYil45RDPtFKwzcJRswMMXaDaZiVBzL3.jpg', '[\"0_1664455176770_0.ts\",\"1664455176770.m3u8\",\"0_1664455176770.m3u8\",\"0_1664455176770_1.ts\",\"0_1664455176770_2.ts\"]', 11, 'accept', '2022-09-29 10:40:22', '2022-09-29 10:40:22');

-- --------------------------------------------------------

--
-- Table structure for table `users`
--

CREATE TABLE `users` (
  `id` bigint UNSIGNED NOT NULL,
  `name` varchar(191) CHARACTER SET utf8mb4 COLLATE utf8mb4_unicode_ci NOT NULL,
  `email` varchar(191) CHARACTER SET utf8mb4 COLLATE utf8mb4_unicode_ci NOT NULL,
  `phone` varchar(191) CHARACTER SET utf8mb4 COLLATE utf8mb4_unicode_ci DEFAULT NULL,
  `address` varchar(191) CHARACTER SET utf8mb4 COLLATE utf8mb4_unicode_ci DEFAULT NULL,
  `email_verified_at` timestamp NULL DEFAULT NULL,
  `password` varchar(191) CHARACTER SET utf8mb4 COLLATE utf8mb4_unicode_ci NOT NULL,
  `image` varchar(191) CHARACTER SET utf8mb4 COLLATE utf8mb4_unicode_ci DEFAULT NULL,
  `type` tinyint NOT NULL DEFAULT '2' COMMENT '1=> admin 2=>student',
  `remember_token` varchar(100) CHARACTER SET utf8mb4 COLLATE utf8mb4_unicode_ci DEFAULT NULL,
  `created_at` timestamp NULL DEFAULT NULL,
  `updated_at` timestamp NULL DEFAULT NULL
) ENGINE=InnoDB DEFAULT CHARSET=utf8mb4 COLLATE=utf8mb4_unicode_ci;

--
-- Dumping data for table `users`
--

INSERT INTO `users` (`id`, `name`, `email`, `phone`, `address`, `email_verified_at`, `password`, `image`, `type`, `remember_token`, `created_at`, `updated_at`) VALUES
(1, 'Admin', 'super@eg.com', '01096910528', 'القاهرة', NULL, '$2y$10$Z0.kRBAC.kuF10sinLLnHOduoiMbUgcFs.W.AH29T2M30wD2JcOn6', NULL, 1, NULL, '2022-06-17 14:48:16', '2022-06-17 16:21:33');

-- --------------------------------------------------------

--
-- Table structure for table `videos`
--

CREATE TABLE `videos` (
  `id` bigint UNSIGNED NOT NULL,
  `title` varchar(191) CHARACTER SET utf8mb4 COLLATE utf8mb4_unicode_ci DEFAULT NULL,
  `video` varchar(191) CHARACTER SET utf8mb4 COLLATE utf8mb4_unicode_ci NOT NULL,
  `thumb` varchar(191) CHARACTER SET utf8mb4 COLLATE utf8mb4_unicode_ci DEFAULT NULL,
  `videos` varchar(191) CHARACTER SET utf8mb4 COLLATE utf8mb4_unicode_ci DEFAULT NULL COMMENT 'store all videos names',
  `client_id` bigint UNSIGNED NOT NULL,
  `challenge_id` bigint UNSIGNED DEFAULT NULL,
  `category_id` bigint UNSIGNED DEFAULT NULL,
  `status` varchar(191) CHARACTER SET utf8mb4 COLLATE utf8mb4_unicode_ci NOT NULL DEFAULT 'pending' COMMENT 'pending accept reject',
  `featur_video` tinyint(1) NOT NULL DEFAULT '0',
  `created_at` timestamp NULL DEFAULT NULL,
  `updated_at` timestamp NULL DEFAULT NULL
) ENGINE=InnoDB DEFAULT CHARSET=utf8mb4 COLLATE=utf8mb4_unicode_ci;

--
-- Dumping data for table `videos`
--

INSERT INTO `videos` (`id`, `title`, `video`, `thumb`, `videos`, `client_id`, `challenge_id`, `category_id`, `status`, `featur_video`, `created_at`, `updated_at`) VALUES
(54, 'هه', '1664294688494.m3u8', 'PzyLLevPBQ8PXPIrLd0nbtiE43RabLZdmGcr8KZw.jpg', '[\"0_1664294688494_0.ts\",\"1664294688494.m3u8\",\"0_1664294688494.m3u8\",\"0_1664294688494_1.ts\",\"0_1664294688494_2.ts\"]', 7, 49, 1, 'accept', 0, '2022-09-27 14:05:01', '2022-09-27 14:05:01'),
(55, 'غغغ', '1664294804978.m3u8', '2wirMJKowQpreMaRftsXh71TiVs5W0U9KsvVB0Kr.jpg', '[\"0_1664294804978_0.ts\",\"1664294804978.m3u8\",\"0_1664294804978.m3u8\",\"0_1664294804978_1.ts\",\"0_1664294804978_2.ts\"]', 7, 50, 2, 'accept', 0, '2022-09-27 14:07:00', '2022-09-27 14:07:00'),
(56, 'فكره', '1664360748008.m3u8', '3GTfmFN6HqQqiKzG7cV4hnwuIg8Iuf9j0AylLmyV.jpg', '[\"0_1664360748008_0.ts\",\"1664360748008.m3u8\",\"0_1664360748008.m3u8\"]', 7, 51, 2, 'accept', 0, '2022-09-28 08:25:56', '2022-09-28 08:25:56'),
(57, 'تعليم', '1664445367972.m3u8', 'qZ9kOxPyWEePQhE740FNfooADDPRfARbwBvcfJwV.jpg', '[\"0_1664445367972_0.ts\",\"1664445367972.m3u8\",\"0_1664445367972.m3u8\",\"0_1664445367972_1.ts\"]', 11, 52, 1, 'accept', 0, '2022-09-29 07:56:27', '2022-09-29 07:56:27'),
(59, 'sport', '1664453092515.m3u8', 'O96ZG13t5y6CAZHachuJ04YqDu1FPd50dgqtVZCB.jpg', '[\"0_1664453092515_0.ts\",\"1664453092515.m3u8\",\"0_1664453092515.m3u8\",\"0_1664453092515_1.ts\",\"0_1664453092515_2.ts\"]', 11, 54, 3, 'accept', 0, '2022-09-29 10:06:23', '2022-09-29 10:06:23'),
(60, 'Qur\'an', '1664455434399.m3u8', 'mcTiXzq7mhJeTZJDQBtETiXYwX5az8x8PBJyrsA6.jpg', '[\"0_1664455434399_0.ts\",\"1664455434399.m3u8\",\"0_1664455434399.m3u8\",\"0_1664455434399_1.ts\"]', 11, 55, 2, 'accept', 0, '2022-09-29 10:44:16', '2022-09-29 10:44:16'),
(61, 'قران كريم', '1664457417258.m3u8', 'z09puA0sPOkCra64toFgD80utY02av8pbxCJ0379.jpg', '[\"0_1664457417258_0.ts\",\"1664457417258.m3u8\",\"0_1664457417258.m3u8\",\"0_1664457417258_1.ts\",\"0_1664457417258_2.ts\",\"0_1664457417258_3.ts\",\"0_1664457417258_4.ts\",\"0_1664457417258_5.ts\"]', 11, 56, 2, 'accept', 0, '2022-09-29 11:17:52', '2022-09-29 11:17:52');

-- --------------------------------------------------------

--
-- Table structure for table `violations`
--

CREATE TABLE `violations` (
  `id` bigint UNSIGNED NOT NULL,
  `created_at` timestamp NULL DEFAULT NULL,
  `updated_at` timestamp NULL DEFAULT NULL
) ENGINE=InnoDB DEFAULT CHARSET=utf8mb4 COLLATE=utf8mb4_unicode_ci;

-- --------------------------------------------------------

--
-- Table structure for table `violation_translations`
--

CREATE TABLE `violation_translations` (
  `id` bigint UNSIGNED NOT NULL,
  `violation_id` bigint UNSIGNED NOT NULL,
  `locale` varchar(191) CHARACTER SET utf8mb4 COLLATE utf8mb4_unicode_ci NOT NULL,
  `name` varchar(191) CHARACTER SET utf8mb4 COLLATE utf8mb4_unicode_ci DEFAULT NULL,
  `created_at` timestamp NULL DEFAULT NULL,
  `updated_at` timestamp NULL DEFAULT NULL
) ENGINE=InnoDB DEFAULT CHARSET=utf8mb4 COLLATE=utf8mb4_unicode_ci;

-- --------------------------------------------------------

--
-- Table structure for table `watchs`
--

CREATE TABLE `watchs` (
  `id` bigint UNSIGNED NOT NULL,
  `video_id` bigint UNSIGNED DEFAULT NULL,
  `client_id` bigint UNSIGNED NOT NULL,
  `story_id` bigint UNSIGNED DEFAULT NULL,
  `created_at` timestamp NULL DEFAULT NULL,
  `updated_at` timestamp NULL DEFAULT NULL
) ENGINE=InnoDB DEFAULT CHARSET=utf8mb4 COLLATE=utf8mb4_unicode_ci;

--
-- Dumping data for table `watchs`
--

INSERT INTO `watchs` (`id`, `video_id`, `client_id`, `story_id`, `created_at`, `updated_at`) VALUES
(268, NULL, 11, 38, '2022-09-28 06:34:48', '2022-09-28 06:34:48'),
(269, 56, 7, NULL, '2022-09-28 11:01:03', '2022-09-28 11:01:03'),
(270, 53, 11, NULL, '2022-09-28 12:08:02', '2022-09-28 12:08:02'),
(271, 53, 11, NULL, '2022-09-28 12:08:19', '2022-09-28 12:08:19'),
(272, 54, 11, NULL, '2022-09-28 12:08:30', '2022-09-28 12:08:30'),
(273, 54, 11, NULL, '2022-09-28 12:10:04', '2022-09-28 12:10:04'),
(274, 54, 11, NULL, '2022-09-28 12:10:37', '2022-09-28 12:10:37'),
(275, 54, 11, NULL, '2022-09-28 12:15:57', '2022-09-28 12:15:57'),
(276, 54, 11, NULL, '2022-09-28 12:21:07', '2022-09-28 12:21:07'),
(277, 54, 11, NULL, '2022-09-28 12:22:33', '2022-09-28 12:22:33'),
(278, 54, 11, NULL, '2022-09-28 12:30:28', '2022-09-28 12:30:28'),
(279, 54, 11, NULL, '2022-09-28 12:30:35', '2022-09-28 12:30:35'),
(280, 54, 11, NULL, '2022-09-28 12:30:35', '2022-09-28 12:30:35'),
(281, 54, 11, NULL, '2022-09-28 12:30:41', '2022-09-28 12:30:41'),
(282, 54, 11, NULL, '2022-09-28 12:30:54', '2022-09-28 12:30:54'),
(283, 54, 11, NULL, '2022-09-28 12:35:05', '2022-09-28 12:35:05'),
(284, 54, 11, NULL, '2022-09-28 12:35:41', '2022-09-28 12:35:41'),
(285, 54, 11, NULL, '2022-09-28 12:35:41', '2022-09-28 12:35:41'),
(286, 54, 11, NULL, '2022-09-28 12:35:44', '2022-09-28 12:35:44'),
(287, 54, 11, NULL, '2022-09-28 12:35:48', '2022-09-28 12:35:48'),
(288, 54, 11, NULL, '2022-09-28 12:35:52', '2022-09-28 12:35:52'),
(289, 54, 11, NULL, '2022-09-28 12:37:08', '2022-09-28 12:37:08'),
(290, 54, 11, NULL, '2022-09-28 12:37:17', '2022-09-28 12:37:17'),
(291, 54, 11, NULL, '2022-09-28 12:37:17', '2022-09-28 12:37:17'),
(292, 54, 11, NULL, '2022-09-28 12:37:40', '2022-09-28 12:37:40'),
(293, 54, 11, NULL, '2022-09-28 12:37:40', '2022-09-28 12:37:40'),
(294, 54, 11, NULL, '2022-09-28 12:38:16', '2022-09-28 12:38:16'),
(295, 54, 11, NULL, '2022-09-28 12:38:16', '2022-09-28 12:38:16'),
(296, 54, 11, NULL, '2022-09-28 12:38:31', '2022-09-28 12:38:31'),
(297, 54, 11, NULL, '2022-09-28 12:38:31', '2022-09-28 12:38:31'),
(298, 54, 11, NULL, '2022-09-28 12:38:55', '2022-09-28 12:38:55'),
(299, 54, 11, NULL, '2022-09-28 12:38:55', '2022-09-28 12:38:55'),
(300, 54, 11, NULL, '2022-09-28 12:39:47', '2022-09-28 12:39:47'),
(301, 54, 11, NULL, '2022-09-28 12:40:10', '2022-09-28 12:40:10'),
(302, 54, 11, NULL, '2022-09-28 12:40:10', '2022-09-28 12:40:10'),
(303, 54, 11, NULL, '2022-09-28 12:40:23', '2022-09-28 12:40:23'),
(304, 54, 11, NULL, '2022-09-28 12:40:23', '2022-09-28 12:40:23'),
(305, 54, 11, NULL, '2022-09-28 12:40:40', '2022-09-28 12:40:40'),
(306, 54, 11, NULL, '2022-09-28 12:40:40', '2022-09-28 12:40:40'),
(307, 54, 11, NULL, '2022-09-28 12:42:09', '2022-09-28 12:42:09'),
(308, 56, 11, NULL, '2022-09-28 12:53:14', '2022-09-28 12:53:14'),
(309, 56, 11, NULL, '2022-09-28 12:53:52', '2022-09-28 12:53:52'),
(310, 56, 11, NULL, '2022-09-28 12:54:14', '2022-09-28 12:54:14'),
(311, 56, 11, NULL, '2022-09-28 12:54:14', '2022-09-28 12:54:14'),
(312, 56, 11, NULL, '2022-09-28 12:54:21', '2022-09-28 12:54:21'),
(313, 56, 11, NULL, '2022-09-28 12:54:21', '2022-09-28 12:54:21'),
(314, 56, 11, NULL, '2022-09-28 12:54:48', '2022-09-28 12:54:48'),
(315, 56, 11, NULL, '2022-09-28 12:54:48', '2022-09-28 12:54:48'),
(316, 56, 11, NULL, '2022-09-28 12:54:54', '2022-09-28 12:54:54'),
(317, 56, 11, NULL, '2022-09-28 12:55:31', '2022-09-28 12:55:31'),
(318, 56, 11, NULL, '2022-09-28 12:55:31', '2022-09-28 12:55:31'),
(319, 56, 11, NULL, '2022-09-28 12:55:47', '2022-09-28 12:55:47'),
(320, 56, 11, NULL, '2022-09-28 12:56:02', '2022-09-28 12:56:02'),
(321, 56, 11, NULL, '2022-09-28 12:56:02', '2022-09-28 12:56:02'),
(322, 54, 11, NULL, '2022-09-28 12:56:42', '2022-09-28 12:56:42'),
(323, 54, 11, NULL, '2022-09-28 12:57:42', '2022-09-28 12:57:42'),
(324, 54, 11, NULL, '2022-09-28 12:57:42', '2022-09-28 12:57:42'),
(325, 54, 11, NULL, '2022-09-28 12:57:47', '2022-09-28 12:57:47'),
(326, 54, 11, NULL, '2022-09-28 12:58:41', '2022-09-28 12:58:41'),
(327, 54, 11, NULL, '2022-09-28 12:58:41', '2022-09-28 12:58:41'),
(328, 54, 11, NULL, '2022-09-28 12:58:44', '2022-09-28 12:58:44'),
(329, 54, 11, NULL, '2022-09-28 12:58:44', '2022-09-28 12:58:44'),
(330, 56, 11, NULL, '2022-09-28 12:59:27', '2022-09-28 12:59:27'),
(331, 56, 11, NULL, '2022-09-28 13:00:01', '2022-09-28 13:00:01'),
(332, 56, 11, NULL, '2022-09-28 13:00:01', '2022-09-28 13:00:01'),
(333, 56, 11, NULL, '2022-09-28 13:01:39', '2022-09-28 13:01:39'),
(334, 56, 11, NULL, '2022-09-28 13:01:39', '2022-09-28 13:01:39'),
(335, 56, 11, NULL, '2022-09-28 13:01:50', '2022-09-28 13:01:50'),
(336, 56, 11, NULL, '2022-09-28 13:01:58', '2022-09-28 13:01:58'),
(337, 56, 11, NULL, '2022-09-28 13:02:06', '2022-09-28 13:02:06'),
(338, 56, 11, NULL, '2022-09-28 13:02:12', '2022-09-28 13:02:12'),
(339, 56, 11, NULL, '2022-09-28 13:02:16', '2022-09-28 13:02:16'),
(340, 56, 11, NULL, '2022-09-28 13:02:46', '2022-09-28 13:02:46'),
(341, 56, 11, NULL, '2022-09-28 13:03:04', '2022-09-28 13:03:04'),
(342, 56, 11, NULL, '2022-09-28 13:03:14', '2022-09-28 13:03:14'),
(343, 56, 11, NULL, '2022-09-28 13:03:34', '2022-09-28 13:03:34'),
(344, 56, 11, NULL, '2022-09-28 13:04:55', '2022-09-28 13:04:55'),
(345, 56, 11, NULL, '2022-09-28 13:04:55', '2022-09-28 13:04:55'),
(346, 56, 11, NULL, '2022-09-28 13:05:49', '2022-09-28 13:05:49'),
(347, 56, 11, NULL, '2022-09-28 13:05:49', '2022-09-28 13:05:49'),
(348, 56, 11, NULL, '2022-09-28 13:05:56', '2022-09-28 13:05:56'),
(349, 56, 11, NULL, '2022-09-28 13:05:57', '2022-09-28 13:05:57'),
(350, 56, 11, NULL, '2022-09-28 13:06:32', '2022-09-28 13:06:32'),
(351, 56, 11, NULL, '2022-09-28 13:06:32', '2022-09-28 13:06:32'),
(352, 56, 11, NULL, '2022-09-28 13:06:37', '2022-09-28 13:06:37'),
(353, 56, 11, NULL, '2022-09-28 13:06:37', '2022-09-28 13:06:37'),
(354, 56, 11, NULL, '2022-09-28 13:06:45', '2022-09-28 13:06:45'),
(355, 56, 11, NULL, '2022-09-28 13:07:17', '2022-09-28 13:07:17'),
(356, 56, 11, NULL, '2022-09-28 13:07:17', '2022-09-28 13:07:17'),
(357, 56, 11, NULL, '2022-09-28 13:07:25', '2022-09-28 13:07:25'),
(358, 56, 11, NULL, '2022-09-28 13:07:25', '2022-09-28 13:07:25'),
(359, 56, 11, NULL, '2022-09-28 13:07:30', '2022-09-28 13:07:30'),
(360, 56, 11, NULL, '2022-09-28 13:07:30', '2022-09-28 13:07:30'),
(361, 56, 11, NULL, '2022-09-28 13:07:48', '2022-09-28 13:07:48'),
(362, 56, 11, NULL, '2022-09-28 13:07:48', '2022-09-28 13:07:48'),
(363, 54, 11, NULL, '2022-09-28 13:08:35', '2022-09-28 13:08:35'),
(364, 54, 11, NULL, '2022-09-28 13:08:46', '2022-09-28 13:08:46'),
(365, 54, 11, NULL, '2022-09-28 13:08:47', '2022-09-28 13:08:47'),
(366, 54, 11, NULL, '2022-09-28 13:08:52', '2022-09-28 13:08:52'),
(367, 54, 11, NULL, '2022-09-28 13:08:52', '2022-09-28 13:08:52'),
(368, 54, 11, NULL, '2022-09-28 13:09:45', '2022-09-28 13:09:45'),
(369, 54, 11, NULL, '2022-09-28 13:09:45', '2022-09-28 13:09:45'),
(370, 56, 11, NULL, '2022-09-28 13:09:59', '2022-09-28 13:09:59'),
(371, 56, 11, NULL, '2022-09-28 13:10:06', '2022-09-28 13:10:06'),
(372, 56, 11, NULL, '2022-09-28 13:10:06', '2022-09-28 13:10:06'),
(373, 56, 11, NULL, '2022-09-28 13:10:49', '2022-09-28 13:10:49'),
(374, 56, 11, NULL, '2022-09-28 13:10:49', '2022-09-28 13:10:49'),
(375, 56, 11, NULL, '2022-09-28 13:10:54', '2022-09-28 13:10:54'),
(376, 56, 11, NULL, '2022-09-28 13:10:54', '2022-09-28 13:10:54'),
(377, 54, 11, NULL, '2022-09-28 13:23:37', '2022-09-28 13:23:37'),
(378, 54, 11, NULL, '2022-09-28 13:24:44', '2022-09-28 13:24:44'),
(379, 54, 11, NULL, '2022-09-28 13:24:48', '2022-09-28 13:24:48'),
(380, 54, 11, NULL, '2022-09-28 13:24:48', '2022-09-28 13:24:48'),
(381, 54, 11, NULL, '2022-09-28 13:25:36', '2022-09-28 13:25:36'),
(382, 54, 11, NULL, '2022-09-28 13:27:04', '2022-09-28 13:27:04'),
(383, 54, 11, NULL, '2022-09-28 13:27:18', '2022-09-28 13:27:18'),
(384, 54, 11, NULL, '2022-09-28 13:27:18', '2022-09-28 13:27:18'),
(385, 54, 11, NULL, '2022-09-28 13:27:25', '2022-09-28 13:27:25'),
(386, 54, 11, NULL, '2022-09-28 13:27:25', '2022-09-28 13:27:25'),
(387, 54, 11, NULL, '2022-09-28 13:27:28', '2022-09-28 13:27:28'),
(388, 54, 11, NULL, '2022-09-28 13:27:45', '2022-09-28 13:27:45'),
(389, 54, 11, NULL, '2022-09-28 13:27:46', '2022-09-28 13:27:46'),
(390, 54, 11, NULL, '2022-09-28 13:28:19', '2022-09-28 13:28:19'),
(391, 54, 11, NULL, '2022-09-28 13:28:19', '2022-09-28 13:28:19'),
(392, 54, 11, NULL, '2022-09-28 13:28:21', '2022-09-28 13:28:21'),
(393, 54, 11, NULL, '2022-09-28 13:28:42', '2022-09-28 13:28:42'),
(394, 54, 11, NULL, '2022-09-28 13:31:18', '2022-09-28 13:31:18'),
(395, 54, 11, NULL, '2022-09-28 13:31:24', '2022-09-28 13:31:24'),
(396, 54, 11, NULL, '2022-09-28 13:31:35', '2022-09-28 13:31:35'),
(397, 54, 11, NULL, '2022-09-28 13:31:57', '2022-09-28 13:31:57'),
(398, 54, 11, NULL, '2022-09-28 13:31:57', '2022-09-28 13:31:57'),
(399, 54, 11, NULL, '2022-09-28 13:33:52', '2022-09-28 13:33:52'),
(400, 54, 11, NULL, '2022-09-28 13:35:14', '2022-09-28 13:35:14'),
(401, 54, 11, NULL, '2022-09-28 13:35:14', '2022-09-28 13:35:14'),
(402, 54, 11, NULL, '2022-09-28 13:35:39', '2022-09-28 13:35:39'),
(403, 54, 11, NULL, '2022-09-28 13:35:39', '2022-09-28 13:35:39'),
(404, 54, 11, NULL, '2022-09-28 13:35:42', '2022-09-28 13:35:42'),
(405, 54, 11, NULL, '2022-09-28 13:35:42', '2022-09-28 13:35:42'),
(406, 54, 11, NULL, '2022-09-28 13:36:31', '2022-09-28 13:36:31'),
(407, 54, 11, NULL, '2022-09-28 13:36:31', '2022-09-28 13:36:31'),
(408, 54, 11, NULL, '2022-09-28 13:36:44', '2022-09-28 13:36:44'),
(409, 54, 11, NULL, '2022-09-28 13:36:44', '2022-09-28 13:36:44'),
(410, 54, 11, NULL, '2022-09-28 13:36:47', '2022-09-28 13:36:47'),
(411, 54, 11, NULL, '2022-09-28 13:36:47', '2022-09-28 13:36:47'),
(412, 54, 11, NULL, '2022-09-28 13:36:53', '2022-09-28 13:36:53'),
(413, 54, 11, NULL, '2022-09-28 13:36:53', '2022-09-28 13:36:53'),
(414, 54, 11, NULL, '2022-09-28 13:37:47', '2022-09-28 13:37:47'),
(415, 54, 11, NULL, '2022-09-28 13:38:47', '2022-09-28 13:38:47'),
(416, 54, 11, NULL, '2022-09-28 13:38:47', '2022-09-28 13:38:47'),
(417, 54, 11, NULL, '2022-09-28 13:38:49', '2022-09-28 13:38:49'),
(418, 54, 11, NULL, '2022-09-28 13:38:50', '2022-09-28 13:38:50'),
(419, 54, 11, NULL, '2022-09-28 13:38:52', '2022-09-28 13:38:52'),
(420, 54, 11, NULL, '2022-09-28 13:39:25', '2022-09-28 13:39:25'),
(421, 54, 11, NULL, '2022-09-28 13:39:35', '2022-09-28 13:39:35'),
(422, 54, 11, NULL, '2022-09-28 13:39:35', '2022-09-28 13:39:35'),
(423, 54, 11, NULL, '2022-09-28 13:40:14', '2022-09-28 13:40:14'),
(424, 54, 11, NULL, '2022-09-28 13:40:14', '2022-09-28 13:40:14'),
(425, 53, 11, NULL, '2022-09-28 13:40:33', '2022-09-28 13:40:33'),
(426, 56, 11, NULL, '2022-09-28 13:40:48', '2022-09-28 13:40:48'),
(427, 56, 11, NULL, '2022-09-28 13:41:16', '2022-09-28 13:41:16'),
(428, 56, 11, NULL, '2022-09-28 13:41:16', '2022-09-28 13:41:16'),
(429, 53, 11, NULL, '2022-09-28 13:41:31', '2022-09-28 13:41:31'),
(430, 53, 11, NULL, '2022-09-28 13:41:43', '2022-09-28 13:41:43'),
(431, 53, 11, NULL, '2022-09-28 13:41:43', '2022-09-28 13:41:43'),
(432, 53, 11, NULL, '2022-09-28 13:42:26', '2022-09-28 13:42:26'),
(433, 53, 11, NULL, '2022-09-28 13:42:27', '2022-09-28 13:42:27'),
(434, 53, 11, NULL, '2022-09-28 13:42:36', '2022-09-28 13:42:36'),
(435, 53, 11, NULL, '2022-09-28 13:42:36', '2022-09-28 13:42:36'),
(436, 53, 11, NULL, '2022-09-28 13:42:41', '2022-09-28 13:42:41'),
(437, 53, 11, NULL, '2022-09-28 13:42:41', '2022-09-28 13:42:41'),
(438, 53, 11, NULL, '2022-09-28 13:42:44', '2022-09-28 13:42:44'),
(439, 53, 11, NULL, '2022-09-28 13:42:44', '2022-09-28 13:42:44'),
(440, 54, 11, NULL, '2022-09-28 13:43:48', '2022-09-28 13:43:48'),
(441, 54, 11, NULL, '2022-09-28 13:43:48', '2022-09-28 13:43:48'),
(442, 54, 11, NULL, '2022-09-28 13:43:54', '2022-09-28 13:43:54'),
(443, 54, 11, NULL, '2022-09-28 13:44:19', '2022-09-28 13:44:19'),
(444, 54, 11, NULL, '2022-09-28 13:44:19', '2022-09-28 13:44:19'),
(445, 54, 11, NULL, '2022-09-28 13:44:36', '2022-09-28 13:44:36'),
(446, 54, 11, NULL, '2022-09-28 13:44:36', '2022-09-28 13:44:36'),
(447, 54, 11, NULL, '2022-09-28 13:45:49', '2022-09-28 13:45:49'),
(448, 54, 11, NULL, '2022-09-28 13:45:49', '2022-09-28 13:45:49'),
(449, 54, 11, NULL, '2022-09-28 13:47:58', '2022-09-28 13:47:58'),
(450, 54, 11, NULL, '2022-09-28 13:47:58', '2022-09-28 13:47:58'),
(451, 54, 11, NULL, '2022-09-28 13:48:01', '2022-09-28 13:48:01'),
(452, 54, 11, NULL, '2022-09-28 13:48:25', '2022-09-28 13:48:25'),
(453, 54, 11, NULL, '2022-09-28 13:48:25', '2022-09-28 13:48:25'),
(454, 54, 11, NULL, '2022-09-28 13:48:31', '2022-09-28 13:48:31'),
(455, 54, 11, NULL, '2022-09-28 13:48:31', '2022-09-28 13:48:31'),
(456, 54, 11, NULL, '2022-09-28 13:48:39', '2022-09-28 13:48:39'),
(457, 54, 11, NULL, '2022-09-28 13:48:40', '2022-09-28 13:48:40'),
(458, 54, 11, NULL, '2022-09-28 13:49:25', '2022-09-28 13:49:25'),
(459, 54, 11, NULL, '2022-09-28 13:49:25', '2022-09-28 13:49:25'),
(460, 54, 11, NULL, '2022-09-28 13:50:04', '2022-09-28 13:50:04'),
(461, 54, 11, NULL, '2022-09-28 13:50:04', '2022-09-28 13:50:04'),
(462, 54, 11, NULL, '2022-09-28 13:50:11', '2022-09-28 13:50:11'),
(463, 54, 11, NULL, '2022-09-28 13:50:11', '2022-09-28 13:50:11'),
(464, 54, 11, NULL, '2022-09-28 13:50:18', '2022-09-28 13:50:18'),
(465, 54, 11, NULL, '2022-09-28 13:50:18', '2022-09-28 13:50:18'),
(466, 54, 11, NULL, '2022-09-28 13:50:24', '2022-09-28 13:50:24'),
(467, 54, 11, NULL, '2022-09-28 13:50:24', '2022-09-28 13:50:24'),
(468, 54, 11, NULL, '2022-09-28 13:50:32', '2022-09-28 13:50:32'),
(469, 54, 11, NULL, '2022-09-28 13:50:32', '2022-09-28 13:50:32'),
(470, 54, 11, NULL, '2022-09-28 13:50:36', '2022-09-28 13:50:36'),
(471, 54, 11, NULL, '2022-09-28 13:50:36', '2022-09-28 13:50:36'),
(472, 54, 11, NULL, '2022-09-28 13:50:55', '2022-09-28 13:50:55'),
(473, 54, 11, NULL, '2022-09-28 13:50:55', '2022-09-28 13:50:55'),
(474, 54, 11, NULL, '2022-09-28 13:50:59', '2022-09-28 13:50:59'),
(475, 54, 11, NULL, '2022-09-28 13:51:33', '2022-09-28 13:51:33'),
(476, 54, 11, NULL, '2022-09-28 13:51:33', '2022-09-28 13:51:33'),
(477, 54, 11, NULL, '2022-09-28 13:52:03', '2022-09-28 13:52:03'),
(478, 54, 11, NULL, '2022-09-28 13:52:04', '2022-09-28 13:52:04'),
(479, 54, 11, NULL, '2022-09-28 13:52:14', '2022-09-28 13:52:14'),
(480, 54, 11, NULL, '2022-09-28 13:52:15', '2022-09-28 13:52:15'),
(481, 54, 11, NULL, '2022-09-28 13:52:22', '2022-09-28 13:52:22'),
(482, 54, 11, NULL, '2022-09-28 13:52:22', '2022-09-28 13:52:22'),
(483, 54, 11, NULL, '2022-09-28 13:52:27', '2022-09-28 13:52:27'),
(484, 54, 11, NULL, '2022-09-28 13:52:36', '2022-09-28 13:52:36'),
(485, 54, 11, NULL, '2022-09-28 13:52:36', '2022-09-28 13:52:36'),
(486, 54, 11, NULL, '2022-09-28 13:52:46', '2022-09-28 13:52:46'),
(487, 54, 11, NULL, '2022-09-28 13:52:46', '2022-09-28 13:52:46'),
(488, 54, 11, NULL, '2022-09-28 13:52:53', '2022-09-28 13:52:53'),
(489, 54, 11, NULL, '2022-09-28 13:52:53', '2022-09-28 13:52:53'),
(490, 54, 11, NULL, '2022-09-28 13:52:58', '2022-09-28 13:52:58'),
(491, 54, 11, NULL, '2022-09-28 13:52:58', '2022-09-28 13:52:58'),
(492, 54, 11, NULL, '2022-09-28 13:53:02', '2022-09-28 13:53:02'),
(493, 54, 11, NULL, '2022-09-28 13:53:02', '2022-09-28 13:53:02'),
(494, 54, 11, NULL, '2022-09-28 13:53:40', '2022-09-28 13:53:40'),
(495, 54, 11, NULL, '2022-09-28 13:53:40', '2022-09-28 13:53:40'),
(496, 54, 11, NULL, '2022-09-28 13:53:48', '2022-09-28 13:53:48'),
(497, 54, 11, NULL, '2022-09-28 13:53:48', '2022-09-28 13:53:48'),
(498, 54, 11, NULL, '2022-09-28 13:53:57', '2022-09-28 13:53:57'),
(499, 54, 11, NULL, '2022-09-28 13:53:57', '2022-09-28 13:53:57'),
(500, 54, 11, NULL, '2022-09-28 13:54:09', '2022-09-28 13:54:09'),
(501, 54, 11, NULL, '2022-09-28 13:54:09', '2022-09-28 13:54:09'),
(502, 54, 11, NULL, '2022-09-28 13:54:17', '2022-09-28 13:54:17'),
(503, 54, 11, NULL, '2022-09-28 13:54:21', '2022-09-28 13:54:21'),
(504, 54, 11, NULL, '2022-09-28 13:55:15', '2022-09-28 13:55:15'),
(505, 54, 11, NULL, '2022-09-28 13:55:27', '2022-09-28 13:55:27'),
(506, 54, 11, NULL, '2022-09-28 13:55:27', '2022-09-28 13:55:27'),
(507, 54, 11, NULL, '2022-09-28 13:55:38', '2022-09-28 13:55:38'),
(508, 54, 11, NULL, '2022-09-28 13:56:09', '2022-09-28 13:56:09'),
(509, 54, 11, NULL, '2022-09-28 13:56:09', '2022-09-28 13:56:09'),
(510, 54, 11, NULL, '2022-09-28 13:56:14', '2022-09-28 13:56:14'),
(511, 54, 11, NULL, '2022-09-28 13:56:26', '2022-09-28 13:56:26'),
(512, 54, 11, NULL, '2022-09-28 13:56:27', '2022-09-28 13:56:27'),
(513, 54, 11, NULL, '2022-09-28 13:56:40', '2022-09-28 13:56:40'),
(514, 54, 11, NULL, '2022-09-28 13:56:40', '2022-09-28 13:56:40'),
(515, 54, 11, NULL, '2022-09-28 13:56:42', '2022-09-28 13:56:42'),
(516, 54, 11, NULL, '2022-09-28 13:57:04', '2022-09-28 13:57:04'),
(517, 53, 11, NULL, '2022-09-28 17:35:32', '2022-09-28 17:35:32'),
(518, 53, 11, NULL, '2022-09-29 06:45:38', '2022-09-29 06:45:38'),
(519, 58, 11, NULL, '2022-09-29 08:42:01', '2022-09-29 08:42:01'),
(520, 59, 11, NULL, '2022-09-29 10:06:43', '2022-09-29 10:06:43'),
(521, 54, 11, NULL, '2022-09-29 10:16:08', '2022-09-29 10:16:08'),
(522, NULL, 7, 39, '2022-09-29 10:40:35', '2022-09-29 10:40:35'),
(523, 60, 7, NULL, '2022-09-29 11:14:26', '2022-09-29 11:14:26'),
(524, 60, 7, NULL, '2022-09-29 11:14:39', '2022-09-29 11:14:39'),
(525, 61, 11, NULL, '2022-09-29 11:18:35', '2022-09-29 11:18:35'),
(526, 57, 7, NULL, '2022-09-29 11:18:59', '2022-09-29 11:18:59'),
(527, 60, 11, NULL, '2022-09-29 11:19:03', '2022-09-29 11:19:03'),
(528, 60, 11, NULL, '2022-09-29 11:19:23', '2022-09-29 11:19:23'),
(529, 60, 11, NULL, '2022-09-29 11:19:29', '2022-09-29 11:19:29'),
(530, 61, 7, NULL, '2022-09-29 12:15:27', '2022-09-29 12:15:27'),
(531, 60, 7, NULL, '2022-09-29 12:15:38', '2022-09-29 12:15:38'),
(532, 59, 7, NULL, '2022-09-29 12:15:43', '2022-09-29 12:15:43'),
(533, 57, 7, NULL, '2022-09-29 12:16:09', '2022-09-29 12:16:09'),
(534, 57, 7, NULL, '2022-09-29 12:16:14', '2022-09-29 12:16:14'),
(535, 54, 7, NULL, '2022-09-29 13:06:53', '2022-09-29 13:06:53'),
(536, 61, 11, NULL, '2022-09-29 13:20:33', '2022-09-29 13:20:33'),
(537, 54, 11, NULL, '2022-09-29 15:59:21', '2022-09-29 15:59:21'),
(538, 54, 11, NULL, '2022-09-29 16:39:47', '2022-09-29 16:39:47');

-- --------------------------------------------------------

--
-- Table structure for table `winers`
--

CREATE TABLE `winers` (
  `id` bigint UNSIGNED NOT NULL,
  `client_id` bigint UNSIGNED NOT NULL,
  `video_id` bigint UNSIGNED NOT NULL,
  `challenge_id` bigint UNSIGNED NOT NULL,
  `comments_num` int NOT NULL,
  `like_num` int NOT NULL,
  `created_at` timestamp NULL DEFAULT NULL,
  `updated_at` timestamp NULL DEFAULT NULL
) ENGINE=InnoDB DEFAULT CHARSET=utf8mb4 COLLATE=utf8mb4_unicode_ci;

--
-- Indexes for dumped tables
--

--
-- Indexes for table `categories`
--
ALTER TABLE `categories`
  ADD PRIMARY KEY (`id`);

--
-- Indexes for table `category_translations`
--
ALTER TABLE `category_translations`
  ADD PRIMARY KEY (`id`),
  ADD UNIQUE KEY `category_translations_category_id_locale_unique` (`category_id`,`locale`),
  ADD KEY `category_translations_locale_index` (`locale`);

--
-- Indexes for table `challenges`
--
ALTER TABLE `challenges`
  ADD PRIMARY KEY (`id`),
  ADD KEY `challenges_creater_id_foreign` (`creater_id`),
  ADD KEY `challenges_category_id_foreign` (`category_id`);

--
-- Indexes for table `cities`
--
ALTER TABLE `cities`
  ADD PRIMARY KEY (`id`),
  ADD KEY `cities_country_id_foreign` (`country_id`);

--
-- Indexes for table `city_translations`
--
ALTER TABLE `city_translations`
  ADD PRIMARY KEY (`id`),
  ADD UNIQUE KEY `city_translations_city_id_locale_unique` (`city_id`,`locale`),
  ADD KEY `city_translations_locale_index` (`locale`);

--
-- Indexes for table `clients`
--
ALTER TABLE `clients`
  ADD PRIMARY KEY (`id`);

--
-- Indexes for table `client_forget_passwords`
--
ALTER TABLE `client_forget_passwords`
  ADD PRIMARY KEY (`id`);

--
-- Indexes for table `client_verify_emails`
--
ALTER TABLE `client_verify_emails`
  ADD PRIMARY KEY (`id`);

--
-- Indexes for table `comments`
--
ALTER TABLE `comments`
  ADD PRIMARY KEY (`id`),
  ADD KEY `comments_client_id_foreign` (`client_id`),
  ADD KEY `comments_video_id_foreign` (`video_id`);

--
-- Indexes for table `countries`
--
ALTER TABLE `countries`
  ADD PRIMARY KEY (`id`);

--
-- Indexes for table `country_translations`
--
ALTER TABLE `country_translations`
  ADD PRIMARY KEY (`id`),
  ADD UNIQUE KEY `country_translations_country_id_locale_unique` (`country_id`,`locale`),
  ADD KEY `country_translations_locale_index` (`locale`);

--
-- Indexes for table `failed_jobs`
--
ALTER TABLE `failed_jobs`
  ADD PRIMARY KEY (`id`);

--
-- Indexes for table `favourites`
--
ALTER TABLE `favourites`
  ADD PRIMARY KEY (`id`),
  ADD KEY `favorites_client_id_foreign` (`client_id`),
  ADD KEY `favorites_video_id_foreign` (`challenge_id`);

--
-- Indexes for table `hashtags`
--
ALTER TABLE `hashtags`
  ADD PRIMARY KEY (`id`),
  ADD KEY `hashtags_category_id_foreign` (`category_id`);

--
-- Indexes for table `likes`
--
ALTER TABLE `likes`
  ADD PRIMARY KEY (`id`),
  ADD KEY `likes_client_id_foreign` (`client_id`);

--
-- Indexes for table `migrations`
--
ALTER TABLE `migrations`
  ADD PRIMARY KEY (`id`);

--
-- Indexes for table `notifications`
--
ALTER TABLE `notifications`
  ADD PRIMARY KEY (`id`),
  ADD KEY `notifications_reciver_id_foreign` (`reciver_id`);

--
-- Indexes for table `notification_translations`
--
ALTER TABLE `notification_translations`
  ADD PRIMARY KEY (`id`),
  ADD UNIQUE KEY `notification_translations_notification_id_locale_unique` (`notification_id`,`locale`),
  ADD KEY `notification_translations_locale_index` (`locale`);

--
-- Indexes for table `oauth_access_tokens`
--
ALTER TABLE `oauth_access_tokens`
  ADD PRIMARY KEY (`id`),
  ADD KEY `oauth_access_tokens_user_id_index` (`user_id`);

--
-- Indexes for table `oauth_auth_codes`
--
ALTER TABLE `oauth_auth_codes`
  ADD PRIMARY KEY (`id`),
  ADD KEY `oauth_auth_codes_user_id_index` (`user_id`);

--
-- Indexes for table `oauth_clients`
--
ALTER TABLE `oauth_clients`
  ADD PRIMARY KEY (`id`),
  ADD KEY `oauth_clients_user_id_index` (`user_id`);

--
-- Indexes for table `oauth_personal_access_clients`
--
ALTER TABLE `oauth_personal_access_clients`
  ADD PRIMARY KEY (`id`);

--
-- Indexes for table `oauth_refresh_tokens`
--
ALTER TABLE `oauth_refresh_tokens`
  ADD PRIMARY KEY (`id`),
  ADD KEY `oauth_refresh_tokens_access_token_id_index` (`access_token_id`);

--
-- Indexes for table `password_resets`
--
ALTER TABLE `password_resets`
  ADD KEY `password_resets_email_index` (`email`);

--
-- Indexes for table `permissions`
--
ALTER TABLE `permissions`
  ADD PRIMARY KEY (`id`),
  ADD UNIQUE KEY `permissions_name_unique` (`name`);

--
-- Indexes for table `permission_role`
--
ALTER TABLE `permission_role`
  ADD PRIMARY KEY (`permission_id`,`role_id`),
  ADD KEY `permission_role_role_id_foreign` (`role_id`);

--
-- Indexes for table `permission_user`
--
ALTER TABLE `permission_user`
  ADD PRIMARY KEY (`user_id`,`permission_id`,`user_type`),
  ADD KEY `permission_user_permission_id_foreign` (`permission_id`);

--
-- Indexes for table `ranks`
--
ALTER TABLE `ranks`
  ADD PRIMARY KEY (`id`);

--
-- Indexes for table `rank_translations`
--
ALTER TABLE `rank_translations`
  ADD PRIMARY KEY (`id`),
  ADD UNIQUE KEY `rank_translations_rank_id_locale_unique` (`rank_id`,`locale`),
  ADD KEY `rank_translations_locale_index` (`locale`);

--
-- Indexes for table `reasons`
--
ALTER TABLE `reasons`
  ADD PRIMARY KEY (`id`),
  ADD KEY `reasons_video_id_foreign` (`video_id`);

--
-- Indexes for table `replays`
--
ALTER TABLE `replays`
  ADD PRIMARY KEY (`id`),
  ADD KEY `replays_comment_id_foreign` (`comment_id`),
  ADD KEY `replays_client_id_foreign` (`client_id`);

--
-- Indexes for table `reports`
--
ALTER TABLE `reports`
  ADD PRIMARY KEY (`id`),
  ADD KEY `reports_client_id_foreign` (`client_id`),
  ADD KEY `reports_video_id_foreign` (`video_id`);

--
-- Indexes for table `roles`
--
ALTER TABLE `roles`
  ADD PRIMARY KEY (`id`),
  ADD UNIQUE KEY `roles_name_unique` (`name`);

--
-- Indexes for table `role_user`
--
ALTER TABLE `role_user`
  ADD PRIMARY KEY (`user_id`,`role_id`,`user_type`),
  ADD KEY `role_user_role_id_foreign` (`role_id`);

--
-- Indexes for table `shars`
--
ALTER TABLE `shars`
  ADD PRIMARY KEY (`id`),
  ADD KEY `shars_challenge_id_foreign` (`challenge_id`),
  ADD KEY `shars_client_id_foreign` (`client_id`);

--
-- Indexes for table `stories`
--
ALTER TABLE `stories`
  ADD PRIMARY KEY (`id`),
  ADD KEY `stories_client_id_foreign` (`client_id`);

--
-- Indexes for table `users`
--
ALTER TABLE `users`
  ADD PRIMARY KEY (`id`),
  ADD UNIQUE KEY `users_email_unique` (`email`),
  ADD UNIQUE KEY `users_phone_unique` (`phone`);

--
-- Indexes for table `videos`
--
ALTER TABLE `videos`
  ADD PRIMARY KEY (`id`),
  ADD KEY `videos_client_id_foreign` (`client_id`);

--
-- Indexes for table `violations`
--
ALTER TABLE `violations`
  ADD PRIMARY KEY (`id`);

--
-- Indexes for table `violation_translations`
--
ALTER TABLE `violation_translations`
  ADD PRIMARY KEY (`id`),
  ADD UNIQUE KEY `violation_translations_violation_id_locale_unique` (`violation_id`,`locale`),
  ADD KEY `violation_translations_locale_index` (`locale`);

--
-- Indexes for table `watchs`
--
ALTER TABLE `watchs`
  ADD PRIMARY KEY (`id`),
  ADD KEY `watchs_video_id_foreign` (`video_id`),
  ADD KEY `watchs_client_id_foreign` (`client_id`);

--
-- Indexes for table `winers`
--
ALTER TABLE `winers`
  ADD PRIMARY KEY (`id`),
  ADD KEY `winers_client_id_foreign` (`client_id`),
  ADD KEY `winers_video_id_foreign` (`video_id`),
  ADD KEY `winers_challenge_id_foreign` (`challenge_id`);

--
-- AUTO_INCREMENT for dumped tables
--

--
-- AUTO_INCREMENT for table `categories`
--
ALTER TABLE `categories`
  MODIFY `id` bigint UNSIGNED NOT NULL AUTO_INCREMENT, AUTO_INCREMENT=4;

--
-- AUTO_INCREMENT for table `category_translations`
--
ALTER TABLE `category_translations`
  MODIFY `id` bigint UNSIGNED NOT NULL AUTO_INCREMENT, AUTO_INCREMENT=7;

--
-- AUTO_INCREMENT for table `challenges`
--
ALTER TABLE `challenges`
  MODIFY `id` bigint UNSIGNED NOT NULL AUTO_INCREMENT, AUTO_INCREMENT=57;

--
-- AUTO_INCREMENT for table `cities`
--
ALTER TABLE `cities`
  MODIFY `id` bigint UNSIGNED NOT NULL AUTO_INCREMENT, AUTO_INCREMENT=148;

--
-- AUTO_INCREMENT for table `city_translations`
--
ALTER TABLE `city_translations`
  MODIFY `id` bigint UNSIGNED NOT NULL AUTO_INCREMENT, AUTO_INCREMENT=295;

--
-- AUTO_INCREMENT for table `clients`
--
ALTER TABLE `clients`
  MODIFY `id` bigint UNSIGNED NOT NULL AUTO_INCREMENT, AUTO_INCREMENT=13;

--
-- AUTO_INCREMENT for table `client_forget_passwords`
--
ALTER TABLE `client_forget_passwords`
  MODIFY `id` bigint UNSIGNED NOT NULL AUTO_INCREMENT;

--
-- AUTO_INCREMENT for table `client_verify_emails`
--
ALTER TABLE `client_verify_emails`
  MODIFY `id` bigint UNSIGNED NOT NULL AUTO_INCREMENT, AUTO_INCREMENT=8;

--
-- AUTO_INCREMENT for table `comments`
--
ALTER TABLE `comments`
  MODIFY `id` bigint UNSIGNED NOT NULL AUTO_INCREMENT, AUTO_INCREMENT=77;

--
-- AUTO_INCREMENT for table `countries`
--
ALTER TABLE `countries`
  MODIFY `id` bigint UNSIGNED NOT NULL AUTO_INCREMENT, AUTO_INCREMENT=21;

--
-- AUTO_INCREMENT for table `country_translations`
--
ALTER TABLE `country_translations`
  MODIFY `id` bigint UNSIGNED NOT NULL AUTO_INCREMENT, AUTO_INCREMENT=41;

--
-- AUTO_INCREMENT for table `failed_jobs`
--
ALTER TABLE `failed_jobs`
  MODIFY `id` bigint UNSIGNED NOT NULL AUTO_INCREMENT;

--
-- AUTO_INCREMENT for table `favourites`
--
ALTER TABLE `favourites`
  MODIFY `id` bigint UNSIGNED NOT NULL AUTO_INCREMENT, AUTO_INCREMENT=19;

--
-- AUTO_INCREMENT for table `hashtags`
--
ALTER TABLE `hashtags`
  MODIFY `id` bigint UNSIGNED NOT NULL AUTO_INCREMENT, AUTO_INCREMENT=51;

--
-- AUTO_INCREMENT for table `likes`
--
ALTER TABLE `likes`
  MODIFY `id` bigint UNSIGNED NOT NULL AUTO_INCREMENT, AUTO_INCREMENT=140;

--
-- AUTO_INCREMENT for table `migrations`
--
ALTER TABLE `migrations`
  MODIFY `id` int UNSIGNED NOT NULL AUTO_INCREMENT, AUTO_INCREMENT=38;

--
-- AUTO_INCREMENT for table `notifications`
--
ALTER TABLE `notifications`
  MODIFY `id` bigint UNSIGNED NOT NULL AUTO_INCREMENT, AUTO_INCREMENT=174;

--
-- AUTO_INCREMENT for table `notification_translations`
--
ALTER TABLE `notification_translations`
  MODIFY `id` bigint UNSIGNED NOT NULL AUTO_INCREMENT, AUTO_INCREMENT=347;

--
-- AUTO_INCREMENT for table `oauth_clients`
--
ALTER TABLE `oauth_clients`
  MODIFY `id` bigint UNSIGNED NOT NULL AUTO_INCREMENT;

--
-- AUTO_INCREMENT for table `oauth_personal_access_clients`
--
ALTER TABLE `oauth_personal_access_clients`
  MODIFY `id` bigint UNSIGNED NOT NULL AUTO_INCREMENT;

--
-- AUTO_INCREMENT for table `permissions`
--
ALTER TABLE `permissions`
  MODIFY `id` int UNSIGNED NOT NULL AUTO_INCREMENT, AUTO_INCREMENT=53;

--
-- AUTO_INCREMENT for table `ranks`
--
ALTER TABLE `ranks`
  MODIFY `id` bigint UNSIGNED NOT NULL AUTO_INCREMENT, AUTO_INCREMENT=4;

--
-- AUTO_INCREMENT for table `rank_translations`
--
ALTER TABLE `rank_translations`
  MODIFY `id` bigint UNSIGNED NOT NULL AUTO_INCREMENT, AUTO_INCREMENT=5;

--
-- AUTO_INCREMENT for table `reasons`
--
ALTER TABLE `reasons`
  MODIFY `id` bigint UNSIGNED NOT NULL AUTO_INCREMENT, AUTO_INCREMENT=2;

--
-- AUTO_INCREMENT for table `replays`
--
ALTER TABLE `replays`
  MODIFY `id` bigint UNSIGNED NOT NULL AUTO_INCREMENT, AUTO_INCREMENT=85;

--
-- AUTO_INCREMENT for table `reports`
--
ALTER TABLE `reports`
  MODIFY `id` bigint UNSIGNED NOT NULL AUTO_INCREMENT;

--
-- AUTO_INCREMENT for table `roles`
--
ALTER TABLE `roles`
  MODIFY `id` int UNSIGNED NOT NULL AUTO_INCREMENT, AUTO_INCREMENT=2;

--
-- AUTO_INCREMENT for table `shars`
--
ALTER TABLE `shars`
  MODIFY `id` bigint UNSIGNED NOT NULL AUTO_INCREMENT;

--
-- AUTO_INCREMENT for table `stories`
--
ALTER TABLE `stories`
  MODIFY `id` bigint UNSIGNED NOT NULL AUTO_INCREMENT, AUTO_INCREMENT=40;

--
-- AUTO_INCREMENT for table `users`
--
ALTER TABLE `users`
  MODIFY `id` bigint UNSIGNED NOT NULL AUTO_INCREMENT, AUTO_INCREMENT=2;

--
-- AUTO_INCREMENT for table `videos`
--
ALTER TABLE `videos`
  MODIFY `id` bigint UNSIGNED NOT NULL AUTO_INCREMENT, AUTO_INCREMENT=62;

--
-- AUTO_INCREMENT for table `violations`
--
ALTER TABLE `violations`
  MODIFY `id` bigint UNSIGNED NOT NULL AUTO_INCREMENT;

--
-- AUTO_INCREMENT for table `violation_translations`
--
ALTER TABLE `violation_translations`
  MODIFY `id` bigint UNSIGNED NOT NULL AUTO_INCREMENT;

--
-- AUTO_INCREMENT for table `watchs`
--
ALTER TABLE `watchs`
  MODIFY `id` bigint UNSIGNED NOT NULL AUTO_INCREMENT, AUTO_INCREMENT=539;

--
-- AUTO_INCREMENT for table `winers`
--
ALTER TABLE `winers`
  MODIFY `id` bigint UNSIGNED NOT NULL AUTO_INCREMENT;

--
-- Constraints for dumped tables
--

--
-- Constraints for table `category_translations`
--
ALTER TABLE `category_translations`
  ADD CONSTRAINT `category_translations_category_id_foreign` FOREIGN KEY (`category_id`) REFERENCES `categories` (`id`) ON DELETE CASCADE;

--
-- Constraints for table `challenges`
--
ALTER TABLE `challenges`
  ADD CONSTRAINT `challenges_category_id_foreign` FOREIGN KEY (`category_id`) REFERENCES `categories` (`id`) ON DELETE CASCADE ON UPDATE CASCADE,
  ADD CONSTRAINT `challenges_creater_id_foreign` FOREIGN KEY (`creater_id`) REFERENCES `clients` (`id`) ON DELETE CASCADE ON UPDATE CASCADE;

--
-- Constraints for table `cities`
--
ALTER TABLE `cities`
  ADD CONSTRAINT `cities_country_id_foreign` FOREIGN KEY (`country_id`) REFERENCES `countries` (`id`) ON DELETE CASCADE ON UPDATE CASCADE;

--
-- Constraints for table `city_translations`
--
ALTER TABLE `city_translations`
  ADD CONSTRAINT `city_translations_city_id_foreign` FOREIGN KEY (`city_id`) REFERENCES `cities` (`id`) ON DELETE CASCADE;

--
-- Constraints for table `comments`
--
ALTER TABLE `comments`
  ADD CONSTRAINT `comments_client_id_foreign` FOREIGN KEY (`client_id`) REFERENCES `clients` (`id`) ON DELETE CASCADE ON UPDATE CASCADE,
  ADD CONSTRAINT `comments_video_id_foreign` FOREIGN KEY (`video_id`) REFERENCES `videos` (`id`) ON DELETE CASCADE ON UPDATE CASCADE;

--
-- Constraints for table `country_translations`
--
ALTER TABLE `country_translations`
  ADD CONSTRAINT `country_translations_country_id_foreign` FOREIGN KEY (`country_id`) REFERENCES `countries` (`id`) ON DELETE CASCADE;

--
-- Constraints for table `favourites`
--
ALTER TABLE `favourites`
  ADD CONSTRAINT `favorites_client_id_foreign` FOREIGN KEY (`client_id`) REFERENCES `clients` (`id`) ON DELETE CASCADE ON UPDATE CASCADE,
  ADD CONSTRAINT `favorites_video_id_foreign` FOREIGN KEY (`challenge_id`) REFERENCES `videos` (`id`) ON DELETE CASCADE ON UPDATE CASCADE;

--
-- Constraints for table `hashtags`
--
ALTER TABLE `hashtags`
  ADD CONSTRAINT `hashtags_category_id_foreign` FOREIGN KEY (`category_id`) REFERENCES `categories` (`id`) ON DELETE CASCADE ON UPDATE CASCADE;

--
-- Constraints for table `likes`
--
ALTER TABLE `likes`
  ADD CONSTRAINT `likes_client_id_foreign` FOREIGN KEY (`client_id`) REFERENCES `clients` (`id`) ON DELETE CASCADE;

--
-- Constraints for table `notifications`
--
ALTER TABLE `notifications`
  ADD CONSTRAINT `notifications_reciver_id_foreign` FOREIGN KEY (`reciver_id`) REFERENCES `clients` (`id`) ON DELETE CASCADE ON UPDATE CASCADE;

--
-- Constraints for table `notification_translations`
--
ALTER TABLE `notification_translations`
  ADD CONSTRAINT `notification_translations_notification_id_foreign` FOREIGN KEY (`notification_id`) REFERENCES `notifications` (`id`) ON DELETE CASCADE;

--
-- Constraints for table `permission_role`
--
ALTER TABLE `permission_role`
  ADD CONSTRAINT `permission_role_permission_id_foreign` FOREIGN KEY (`permission_id`) REFERENCES `permissions` (`id`) ON DELETE CASCADE ON UPDATE CASCADE,
  ADD CONSTRAINT `permission_role_role_id_foreign` FOREIGN KEY (`role_id`) REFERENCES `roles` (`id`) ON DELETE CASCADE ON UPDATE CASCADE;

--
-- Constraints for table `permission_user`
--
ALTER TABLE `permission_user`
  ADD CONSTRAINT `permission_user_permission_id_foreign` FOREIGN KEY (`permission_id`) REFERENCES `permissions` (`id`) ON DELETE CASCADE ON UPDATE CASCADE;

--
-- Constraints for table `rank_translations`
--
ALTER TABLE `rank_translations`
  ADD CONSTRAINT `rank_translations_rank_id_foreign` FOREIGN KEY (`rank_id`) REFERENCES `ranks` (`id`) ON DELETE CASCADE;

--
-- Constraints for table `reasons`
--
ALTER TABLE `reasons`
  ADD CONSTRAINT `reasons_video_id_foreign` FOREIGN KEY (`video_id`) REFERENCES `videos` (`id`) ON DELETE CASCADE ON UPDATE CASCADE;

--
-- Constraints for table `replays`
--
ALTER TABLE `replays`
  ADD CONSTRAINT `replays_client_id_foreign` FOREIGN KEY (`client_id`) REFERENCES `clients` (`id`) ON DELETE CASCADE,
  ADD CONSTRAINT `replays_comment_id_foreign` FOREIGN KEY (`comment_id`) REFERENCES `comments` (`id`) ON DELETE CASCADE;

--
-- Constraints for table `reports`
--
ALTER TABLE `reports`
  ADD CONSTRAINT `reports_client_id_foreign` FOREIGN KEY (`client_id`) REFERENCES `clients` (`id`) ON DELETE CASCADE ON UPDATE CASCADE,
  ADD CONSTRAINT `reports_video_id_foreign` FOREIGN KEY (`video_id`) REFERENCES `videos` (`id`) ON DELETE CASCADE ON UPDATE CASCADE;

--
-- Constraints for table `role_user`
--
ALTER TABLE `role_user`
  ADD CONSTRAINT `role_user_role_id_foreign` FOREIGN KEY (`role_id`) REFERENCES `roles` (`id`) ON DELETE CASCADE ON UPDATE CASCADE;

--
-- Constraints for table `shars`
--
ALTER TABLE `shars`
  ADD CONSTRAINT `shars_challenge_id_foreign` FOREIGN KEY (`challenge_id`) REFERENCES `challenges` (`id`) ON DELETE CASCADE,
  ADD CONSTRAINT `shars_client_id_foreign` FOREIGN KEY (`client_id`) REFERENCES `clients` (`id`) ON DELETE CASCADE;

--
-- Constraints for table `stories`
--
ALTER TABLE `stories`
  ADD CONSTRAINT `stories_client_id_foreign` FOREIGN KEY (`client_id`) REFERENCES `clients` (`id`) ON DELETE CASCADE ON UPDATE CASCADE;

--
-- Constraints for table `videos`
--
ALTER TABLE `videos`
  ADD CONSTRAINT `videos_client_id_foreign` FOREIGN KEY (`client_id`) REFERENCES `clients` (`id`) ON DELETE CASCADE ON UPDATE CASCADE;

--
-- Constraints for table `violation_translations`
--
ALTER TABLE `violation_translations`
  ADD CONSTRAINT `violation_translations_violation_id_foreign` FOREIGN KEY (`violation_id`) REFERENCES `violations` (`id`) ON DELETE CASCADE;

--
-- Constraints for table `watchs`
--
ALTER TABLE `watchs`
  ADD CONSTRAINT `watchs_client_id_foreign` FOREIGN KEY (`client_id`) REFERENCES `clients` (`id`) ON DELETE CASCADE;

--
-- Constraints for table `winers`
--
ALTER TABLE `winers`
  ADD CONSTRAINT `winers_challenge_id_foreign` FOREIGN KEY (`challenge_id`) REFERENCES `challenges` (`id`) ON DELETE CASCADE ON UPDATE CASCADE,
  ADD CONSTRAINT `winers_client_id_foreign` FOREIGN KEY (`client_id`) REFERENCES `clients` (`id`) ON DELETE CASCADE ON UPDATE CASCADE,
  ADD CONSTRAINT `winers_video_id_foreign` FOREIGN KEY (`video_id`) REFERENCES `videos` (`id`) ON DELETE CASCADE ON UPDATE CASCADE;
COMMIT;

/*!40101 SET CHARACTER_SET_CLIENT=@OLD_CHARACTER_SET_CLIENT */;
/*!40101 SET CHARACTER_SET_RESULTS=@OLD_CHARACTER_SET_RESULTS */;
/*!40101 SET COLLATION_CONNECTION=@OLD_COLLATION_CONNECTION */;
